created_at,kind,id,playlist.artwork_url,playlist.created_at,playlist.duration,playlist.id,playlist.kind,playlist.last_modified,playlist.likes_count,playlist.managed_by_feeds,playlist.permalink,playlist.permalink_url,playlist.public,playlist.reposts_count,playlist.secret_token,playlist.sharing,playlist.title,playlist.track_count,playlist.uri,playlist.user_id,playlist.set_type,playlist.is_album,playlist.published_at,playlist.release_date,playlist.display_date,playlist.user.avatar_url,playlist.user.first_name,playlist.user.followers_count,playlist.user.full_name,playlist.user.id,playlist.user.kind,playlist.user.last_modified,playlist.user.last_name,playlist.user.permalink,playlist.user.permalink_url,playlist.user.uri,playlist.user.urn,playlist.user.username,playlist.user.verified,playlist.user.city,playlist.user.country_code,playlist.user.badges.pro,playlist.user.badges.pro_unlimited,playlist.user.badges.verified,playlist.user.station_urn,playlist.user.station_permalink
2021-11-14T11:43:43Z,like,8,https://i1.sndcdn.com/artworks-8a3ab028-e631-42a2-904e-7777e8d88021-0-large.jpg,2021-05-31T09:23:44Z,2708923,1265270446,playlist,2021-07-28T10:38:42Z,15,True,how-much-time-it-is-between,https://soundcloud.com/perila-music/sets/how-much-time-it-is-between,True,2,,public,How Much Time it is Between You and Me?,11,https://api.soundcloud.com/playlists/1265270446,979423753,album,True,2021-06-25T00:00:00Z,2021-06-25T00:00:00Z,2021-06-25T00:00:00Z,https://a1.sndcdn.com/images/default_avatar_large.png,,20,,979423753,user,2021-04-29T15:04:38Z,,perila-music,https://soundcloud.com/perila-music,https://api.soundcloud.com/users/979423753,soundcloud:users:979423753,Perila,False,,,False,False,False,soundcloud:system-playlists:artist-stations:979423753,artist-stations:979423753
2021-11-09T17:32:01Z,like,8,https://i1.sndcdn.com/artworks-000124535894-0mywo8-large.jpg,2015-07-27T20:03:03Z,574415,129030648,playlist,2015-07-27T20:07:05Z,5323,False,golden-record-sounds-of,https://soundcloud.com/nasa/sets/golden-record-sounds-of,True,692,,public,Golden Record: Sounds of Earth,19,https://api.soundcloud.com/playlists/129030648,112904040,,False,,,2015-07-27T20:03:03Z,https://i1.sndcdn.com/avatars-JUvAAPvAA86fmbVE-SH0i6g-large.jpg,,150050,,112904040,user,2022-02-09T13:59:57Z,,nasa,https://soundcloud.com/nasa,https://api.soundcloud.com/users/112904040,soundcloud:users:112904040,NASA,True,,US,False,True,True,soundcloud:system-playlists:artist-stations:112904040,artist-stations:112904040
2021-09-12T06:08:49Z,like,8,https://i1.sndcdn.com/artworks-feb2d071-8a6a-4432-bd31-4a7121a9a06f-0-large.jpg,2021-09-03T08:42:29Z,5173942,1310953561,playlist,2021-09-21T22:31:36Z,87644,True,certified-lover-boy-7,https://soundcloud.com/octobersveryown/sets/certified-lover-boy-7,True,2704,,public,Certified Lover Boy,21,https://api.soundcloud.com/playlists/1310953561,1078461,album,True,2021-09-03T00:00:00Z,2021-09-03T00:00:00Z,2021-09-03T00:00:00Z,https://i1.sndcdn.com/avatars-000111004820-tzrvo1-large.jpg,October's,2904782,October's Very Own,1078461,user,2022-01-11T00:00:01Z,Very Own,octobersveryown,https://soundcloud.com/octobersveryown,https://api.soundcloud.com/users/1078461,soundcloud:users:1078461,octobersveryown,True,Toronto,CA,False,False,True,soundcloud:system-playlists:artist-stations:1078461,artist-stations:1078461
2021-06-21T06:46:29Z,like,8,https://i1.sndcdn.com/artworks-q33toeWhORd31qvQ-0zr0kg-large.jpg,2020-05-08T05:40:17Z,181967975,1047312625,playlist,2020-05-15T12:43:53Z,2,False,disco-mad-mats,https://soundcloud.com/andreas-w-hlstr-m/sets/disco-mad-mats,True,0,,public,Disco - Mad Mats,489,https://api.soundcloud.com/playlists/1047312625,39545252,,False,2020-05-08T05:40:17Z,,2020-05-08T05:40:17Z,https://i1.sndcdn.com/avatars-000036885548-woj6r8-large.jpg,Andreas,36,Andreas WÃ¥hlstrÃ¶m,39545252,user,2020-07-31T17:12:52Z,WÃ¥hlstrÃ¶m,andreas-w-hlstr-m,https://soundcloud.com/andreas-w-hlstr-m,https://api.soundcloud.com/users/39545252,soundcloud:users:39545252,Andreas WÃ¥hlstrÃ¶m,False,,,False,False,False,soundcloud:system-playlists:artist-stations:39545252,artist-stations:39545252
2021-01-30T09:24:06Z,like,8,https://i1.sndcdn.com/artworks-u35sA9T9ST9r4qFV-z7m3UQ-large.jpg,2020-10-28T15:01:58Z,2519455,1152869272,playlist,2020-11-10T13:50:35Z,704,False,endless-frank-ocean,https://soundcloud.com/byebyejordan/sets/endless-frank-ocean,True,13,,public,ENDLESS- Frank Ocean,20,https://api.soundcloud.com/playlists/1152869272,358628372,album,True,2020-11-10T03:52:49Z,2016-08-19T00:00:00Z,2020-11-10T03:52:49Z,https://i1.sndcdn.com/avatars-0RQKlZvHtsnkdhck-spf2mg-large.jpg,jordan,14,jordan,358628372,user,2021-09-20T13:42:16Z,,byebyejordan,https://soundcloud.com/byebyejordan,https://api.soundcloud.com/users/358628372,soundcloud:users:358628372,j-papi,False,tu madre,,False,False,False,soundcloud:system-playlists:artist-stations:358628372,artist-stations:358628372
2021-01-30T08:48:55Z,like,8,,2018-01-14T07:40:38Z,1978948,422282435,playlist,2021-07-27T09:58:45Z,2352,False,endless,https://soundcloud.com/donovanfreer188/sets/endless,True,161,,public,Endless,13,https://api.soundcloud.com/playlists/422282435,147314536,,False,2018-01-14T07:43:18Z,,2018-01-14T07:43:18Z,https://i1.sndcdn.com/avatars-ZDILGRSVgc2uvr2B-tyXAkQ-large.jpg,,1362,,147314536,user,2021-07-03T07:29:49Z,,donovanfreer188,https://soundcloud.com/donovanfreer188,https://api.soundcloud.com/users/147314536,soundcloud:users:147314536,Don Michael,False,"chico, ca.",,False,False,False,soundcloud:system-playlists:artist-stations:147314536,artist-stations:147314536
2021-01-06T12:13:52Z,like,8,https://i1.sndcdn.com/artworks-000088409526-5y1gvq-large.jpg,2012-12-04T13:56:07Z,20411649,2861773,playlist,2020-05-13T09:23:09Z,25,False,tunes-to-work-to,https://soundcloud.com/akovalev/sets/tunes-to-work-to,True,4,,public,tunes to work to,46,https://api.soundcloud.com/playlists/2861773,1539950,,False,,,2012-12-04T13:56:07Z,https://i1.sndcdn.com/avatars-000002019547-yvv2le-large.jpg,,678,,1539950,user,2019-09-19T14:16:05Z,,akovalev,https://soundcloud.com/akovalev,https://api.soundcloud.com/users/1539950,soundcloud:users:1539950,Sasha KovalÃ¸v,False,Berlin,DE,False,False,False,soundcloud:system-playlists:artist-stations:1539950,artist-stations:1539950
2020-09-07T15:20:58Z,like,8,https://i1.sndcdn.com/artworks-68b77394-a9f2-4263-a409-696b1a860689-0-large.jpg,2016-07-22T22:19:08Z,2624052,243745878,playlist,2021-07-29T19:38:51Z,860,True,carrie-lowell-1,https://soundcloud.com/sufjan-stevens/sets/carrie-lowell-1,True,36,,public,Carrie & Lowell,11,https://api.soundcloud.com/playlists/243745878,208017716,album,True,2015-03-31T00:00:00Z,2015-03-31T00:00:00Z,2015-03-31T00:00:00Z,https://i1.sndcdn.com/avatars-000212313545-pm9qdy-large.jpg,,19200,,208017716,user,2020-11-19T16:28:04Z,,sufjan-stevens,https://soundcloud.com/sufjan-stevens,https://api.soundcloud.com/users/208017716,soundcloud:users:208017716,Sufjan Stevens,True,,,False,True,True,soundcloud:system-playlists:artist-stations:208017716,artist-stations:208017716
2020-07-08T06:41:23Z,like,8,https://i1.sndcdn.com/artworks-OxoIzZ55TgMiEtjY-tLAINA-large.jpg,2019-10-10T15:16:45Z,26540799,891286123,playlist,2021-12-10T15:49:21Z,42,False,new-mex,https://soundcloud.com/mexicansummer/sets/new-mex,True,3,,public,New Mex,102,https://api.soundcloud.com/playlists/891286123,2183888,,False,2019-10-10T15:16:45Z,,2019-10-10T15:16:45Z,https://i1.sndcdn.com/avatars-BZj9D6HDlzaVz8ku-jAJFxg-large.jpg,,24047,,2183888,user,2021-11-15T18:00:46Z,,mexicansummer,https://soundcloud.com/mexicansummer,https://api.soundcloud.com/users/2183888,soundcloud:users:2183888,Mexican Summer,True,Brooklyn,US,False,False,True,soundcloud:system-playlists:artist-stations:2183888,artist-stations:2183888
2019-09-04T16:08:28Z,like,8,https://i1.sndcdn.com/artworks-000592736591-ixvz06-large.jpg,2019-09-04T10:36:02Z,10690014,861578762,playlist,2020-09-01T12:01:34Z,315,False,pete-tongs-essential-new-tune,https://soundcloud.com/petetong/sets/pete-tongs-essential-new-tune,True,33,,public,Essential New Tune's 2019 - Pete Tong,33,https://api.soundcloud.com/playlists/861578762,902711,,False,2019-09-04T10:36:02Z,,2019-09-04T10:36:02Z,https://i1.sndcdn.com/avatars-S8PGgy03hu3eIVIe-60d0fg-large.jpg,Pete,207590,Pete Tong,902711,user,2021-12-03T10:33:09Z,Tong,petetong,https://soundcloud.com/petetong,https://api.soundcloud.com/users/902711,soundcloud:users:902711,Pete Tong,True,London,GB,False,False,True,soundcloud:system-playlists:artist-stations:902711,artist-stations:902711
2019-08-27T19:52:54Z,like,8,https://i1.sndcdn.com/artworks-000404235933-rab840-large.jpg,2018-09-03T11:37:16Z,2704838696,595557723,playlist,2021-08-02T15:29:26Z,2555,False,burning-man-2018,https://soundcloud.com/muloka/sets/burning-man-2018,True,249,,public,Burning Man 2018,452,https://api.soundcloud.com/playlists/595557723,67208,,False,2018-09-03T11:37:16Z,2018-08-22T00:00:00Z,2018-09-03T11:37:16Z,https://i1.sndcdn.com/avatars-k8bekDycX06kpAQk-deBxxQ-large.jpg,Solar,4094,Solar Seance,67208,user,2021-12-06T18:17:03Z,Seance,muloka,https://soundcloud.com/muloka,https://api.soundcloud.com/users/67208,soundcloud:users:67208,Muloka,False,Toronto / Bermuda,,False,True,False,soundcloud:system-playlists:artist-stations:67208,artist-stations:67208
2019-08-11T19:45:21Z,like,8,,2016-08-14T05:00:19Z,13140228,250205439,playlist,2016-08-14T05:00:19Z,1,False,firme-oldies-1,https://soundcloud.com/sharon-garcia-20/sets/firme-oldies-1,True,0,,public,firme oldies,23,https://api.soundcloud.com/playlists/250205439,141490797,,False,2016-08-14T05:00:19Z,,2016-08-14T05:00:19Z,https://i1.sndcdn.com/avatars-000134077427-4p4jn5-large.jpg,Sharon,4,Sharon Garcia,141490797,user,2015-03-04T05:52:57Z,Garcia,sharon-garcia-20,https://soundcloud.com/sharon-garcia-20,https://api.soundcloud.com/users/141490797,soundcloud:users:141490797,Sharon Garcia,False,,,False,False,False,soundcloud:system-playlists:artist-stations:141490797,artist-stations:141490797
2019-06-28T11:56:22Z,like,8,,2019-05-17T03:59:37Z,2410582,781234746,playlist,2019-05-21T20:52:05Z,19137,False,fever,https://soundcloud.com/megan-thee-stallion/sets/fever,True,1047,,public,Fever,14,https://api.soundcloud.com/playlists/781234746,221385469,,False,2019-05-17T04:00:31Z,2019-05-17T00:00:00Z,2019-05-17T04:00:31Z,https://i1.sndcdn.com/avatars-SQ6G7Nyh1HAzizTY-8XhTfg-large.jpg,Megan,348482,Megan,221385469,user,2021-10-29T11:34:01Z,,megan-thee-stallion,https://soundcloud.com/megan-thee-stallion,https://api.soundcloud.com/users/221385469,soundcloud:users:221385469,Megan Thee Stallion,True,"Houston,TX",US,False,True,True,soundcloud:system-playlists:artist-stations:221385469,artist-stations:221385469
2019-06-28T11:56:16Z,like,8,,2019-01-04T21:12:34Z,1816978,678645753,playlist,2019-01-04T21:12:59Z,11060,False,tina-snow,https://soundcloud.com/megan-thee-stallion/sets/tina-snow,True,606,,public,Tina Snow,10,https://api.soundcloud.com/playlists/678645753,221385469,,False,2019-01-04T21:12:34Z,,2019-01-04T21:12:34Z,https://i1.sndcdn.com/avatars-SQ6G7Nyh1HAzizTY-8XhTfg-large.jpg,Megan,348482,Megan,221385469,user,2021-10-29T11:34:01Z,,megan-thee-stallion,https://soundcloud.com/megan-thee-stallion,https://api.soundcloud.com/users/221385469,soundcloud:users:221385469,Megan Thee Stallion,True,"Houston,TX",US,False,True,True,soundcloud:system-playlists:artist-stations:221385469,artist-stations:221385469
2019-04-24T05:21:47Z,like,8,https://i1.sndcdn.com/artworks-j0yXvTRReN42qmDS-ZIbJMw-large.jpg,2019-04-04T18:44:54Z,19319828,745719954,playlist,2022-02-09T00:06:59Z,2053,False,forwards-dancehall-party,https://soundcloud.com/soundcloud-vibrations/sets/forwards-dancehall-party,True,66,,public,Dancehall Party: Forwards,108,https://api.soundcloud.com/playlists/745719954,603474543,,False,2019-04-05T13:33:56Z,,2019-04-05T13:33:56Z,https://i1.sndcdn.com/avatars-000599544672-44jjvl-large.jpg,,8486,,603474543,user,2022-02-04T17:07:25Z,,soundcloud-vibrations,https://soundcloud.com/soundcloud-vibrations,https://api.soundcloud.com/users/603474543,soundcloud:users:603474543,Vibrations: Global Rhythm,True,,,False,True,True,soundcloud:system-playlists:artist-stations:603474543,artist-stations:603474543
2019-04-24T05:19:58Z,like,8,https://i1.sndcdn.com/artworks-000518639409-px5atl-large.jpg,2019-04-05T18:58:27Z,20911232,746532549,playlist,2022-01-21T21:03:53Z,297,False,atmosphere-dreamy-indie-instrumental,https://soundcloud.com/soundcloud-scenes/sets/atmosphere-dreamy-indie-instrumental,True,11,,public,Dreamy Indie Instrumentals: Atmosphere,77,https://api.soundcloud.com/playlists/746532549,603473631,,False,2019-04-12T14:45:07Z,,2019-04-12T14:45:07Z,https://i1.sndcdn.com/avatars-000600496689-dbv36h-large.jpg,,7464,,603473631,user,2021-08-27T19:35:40Z,,soundcloud-scenes,https://soundcloud.com/soundcloud-scenes,https://api.soundcloud.com/users/603473631,soundcloud:users:603473631,Scenes: Indie,True,,,False,True,True,soundcloud:system-playlists:artist-stations:603473631,artist-stations:603473631
2019-04-24T05:19:20Z,like,8,https://i1.sndcdn.com/artworks-CLOQf1K8EtqLzQ0s-XVxwBg-large.jpg,2019-03-22T20:24:38Z,8661739,735291612,playlist,2021-12-23T17:21:12Z,1679,False,k-pop-and-more,https://soundcloud.com/soundcloud-shine/sets/k-pop-and-more,True,49,,public,K-Pop and More,43,https://api.soundcloud.com/playlists/735291612,603448746,,False,2019-03-22T20:24:38Z,,2019-03-22T20:24:38Z,https://i1.sndcdn.com/avatars-000599537340-vpck6o-large.jpg,,11131,,603448746,user,2020-11-18T16:07:56Z,,soundcloud-shine,https://soundcloud.com/soundcloud-shine,https://api.soundcloud.com/users/603448746,soundcloud:users:603448746,Shine: Pop,True,,,False,True,True,soundcloud:system-playlists:artist-stations:603448746,artist-stations:603448746
2019-04-24T05:19:11Z,like,8,https://i1.sndcdn.com/artworks-000650229295-jp98na-large.jpg,2018-12-06T11:27:29Z,12524719,658534032,playlist,2020-03-06T16:56:07Z,30558,False,2019-artists-to-watch,https://soundcloud.com/playback/sets/2019-artists-to-watch,True,1807,,public,Artists To Watch 2019,68,https://api.soundcloud.com/playlists/658534032,352252208,,False,2018-12-06T20:20:09Z,,2018-12-06T20:20:09Z,https://i1.sndcdn.com/avatars-000474187830-6w79xw-large.jpg,,9595,,352252208,user,2020-03-23T16:15:36Z,,playback,https://soundcloud.com/playback,https://api.soundcloud.com/users/352252208,soundcloud:users:352252208,Playback,False,,,False,True,False,soundcloud:system-playlists:artist-stations:352252208,artist-stations:352252208
2019-04-01T02:55:56Z,like,8,https://i1.sndcdn.com/artworks-000516995013-am7htp-large.jpg,2019-03-12T23:25:29Z,6664116,728141682,playlist,2021-11-12T01:45:10Z,5745,False,hazy-daze-lo-fi-bedroom-raps,https://soundcloud.com/soundcloud-vs/sets/hazy-daze-lo-fi-bedroom-raps,True,209,,public,Lo-Fi Bedroom Raps: Hazy Daze,36,https://api.soundcloud.com/playlists/728141682,603469821,,False,2019-03-13T22:21:08Z,,2019-03-13T22:21:08Z,https://i1.sndcdn.com/avatars-000599538921-su9whq-large.jpg,,5059,,603469821,user,2021-11-12T01:47:02Z,,soundcloud-vs,https://soundcloud.com/soundcloud-vs,https://api.soundcloud.com/users/603469821,soundcloud:users:603469821,Vs.: Hip-Hop,True,,,False,True,True,soundcloud:system-playlists:artist-stations:603469821,artist-stations:603469821
2019-03-31T00:40:29Z,like,8,https://i1.sndcdn.com/artworks-K1CwM77QEyNXW4H9-HQJqkQ-large.jpg,2019-03-19T17:11:33Z,30807475,732979953,playlist,2022-02-11T09:55:52Z,15377,False,calm-anti-anxiety-ambient,https://soundcloud.com/soundcloud-circuits/sets/calm-anti-anxiety-ambient,True,526,,public,Anti-Anxiety Ambient: Calm,90,https://api.soundcloud.com/playlists/732979953,603904224,,False,2019-03-21T19:01:31Z,,2019-03-21T19:01:31Z,https://i1.sndcdn.com/avatars-000599548212-bskjwf-large.jpg,,6825,,603904224,user,2022-01-13T15:08:08Z,,soundcloud-circuits,https://soundcloud.com/soundcloud-circuits,https://api.soundcloud.com/users/603904224,soundcloud:users:603904224,Circuits: Electronic,True,,,False,True,True,soundcloud:system-playlists:artist-stations:603904224,artist-stations:603904224
2019-03-06T19:33:06Z,like,8,https://i1.sndcdn.com/artworks-000044124061-iem4yd-large.jpg,2013-03-28T21:53:46Z,239486,4377732,playlist,2013-03-28T21:55:49Z,34,False,the-disintegration-loops-iii,https://soundcloud.com/william-basinski/sets/the-disintegration-loops-iii,True,9,,public,The Disintegration Loops III,1,https://api.soundcloud.com/playlists/4377732,40170293,,False,,,2013-03-28T21:53:46Z,https://i1.sndcdn.com/avatars-000037463361-3d7cpt-large.jpg,william,10079,william basinski,40170293,user,2021-02-18T19:28:16Z,basinski,william-basinski,https://soundcloud.com/william-basinski,https://api.soundcloud.com/users/40170293,soundcloud:users:40170293,williambasinski,False,,US,False,True,False,soundcloud:system-playlists:artist-stations:40170293,artist-stations:40170293
2019-03-05T18:49:07Z,like,8,https://i1.sndcdn.com/artworks-000496460658-o1hase-large.jpg,2019-02-28T19:43:00Z,2117099,719232216,playlist,2019-03-02T10:42:36Z,2450,False,body-bag-5,https://soundcloud.com/acehood/sets/body-bag-5,True,266,,public,Body Bag 5,15,https://api.soundcloud.com/playlists/719232216,45469671,,False,2019-03-02T10:42:36Z,,2019-03-02T10:42:36Z,https://i1.sndcdn.com/avatars-000337985338-18wh8i-large.jpg,ACE,142810,ACE HOOD,45469671,user,2020-11-18T18:02:07Z,HOOD,acehood,https://soundcloud.com/acehood,https://api.soundcloud.com/users/45469671,soundcloud:users:45469671,Ace Hood,True,BROWARD COUNTY,US,False,True,True,soundcloud:system-playlists:artist-stations:45469671,artist-stations:45469671
2018-08-12T10:28:06Z,like,8,https://i1.sndcdn.com/artworks-000386719467-nnknhs-large.jpg,2018-08-09T22:21:21Z,887481,579312096,playlist,2018-08-10T15:34:20Z,47,False,joe-carter-sings-the-spirituals,https://soundcloud.com/onbeing/sets/joe-carter-sings-the-spirituals,True,4,,public,Joe Carter Sings the Spirituals,7,https://api.soundcloud.com/playlists/579312096,2155688,,False,2018-08-09T22:21:21Z,,2018-08-09T22:21:21Z,https://i1.sndcdn.com/avatars-000472290336-7r79j0-large.jpg,,1402965,,2155688,user,2019-03-01T17:58:40Z,,onbeing,https://soundcloud.com/onbeing,https://api.soundcloud.com/users/2155688,soundcloud:users:2155688,On Being Studios,False,Minneapolis,US,False,True,False,soundcloud:system-playlists:artist-stations:2155688,artist-stations:2155688
2018-06-29T13:15:35Z,like,8,https://i1.sndcdn.com/artworks-000366590847-q14id3-large.jpg,2018-06-29T10:09:40Z,1563127,550937493,playlist,2018-06-29T11:40:54Z,56,False,bec-sines-breaks-ep-vgt008,https://soundcloud.com/voightrecordings/sets/bec-sines-breaks-ep-vgt008,True,14,,public,BEC - Sines & Breaks EP - VGT008,4,https://api.soundcloud.com/playlists/550937493,198152318,ep,True,2018-06-29T11:40:54Z,2018-06-29T00:00:00Z,2018-06-29T11:40:54Z,https://i1.sndcdn.com/avatars-000276803720-zklba2-large.jpg,Voight,708,Voight Recordings,198152318,user,2018-11-25T10:22:03Z,Recordings,voightrecordings,https://soundcloud.com/voightrecordings,https://api.soundcloud.com/users/198152318,soundcloud:users:198152318,Voight,False,Berlin,DE,False,False,False,soundcloud:system-playlists:artist-stations:198152318,artist-stations:198152318
2018-06-08T13:35:44Z,like,8,https://i1.sndcdn.com/artworks-000350319120-roqjk3-large.jpg,2018-05-19T20:38:37Z,9096726,523416936,playlist,2018-06-11T20:02:28Z,1747,False,nomade-album,https://soundcloud.com/nomadesound/sets/nomade-album,True,310,,public,NÃ´made Album By: NU,16,https://api.soundcloud.com/playlists/523416936,182086432,album,True,2018-05-20T12:59:14Z,2018-05-24T00:00:00Z,2018-05-20T12:59:14Z,https://i1.sndcdn.com/avatars-000554526396-1m71wq-large.jpg,The meeting point of those,15347,The meeting point of those,182086432,user,2021-12-20T15:48:00Z,,nomadesound,https://soundcloud.com/nomadesound,https://api.soundcloud.com/users/182086432,soundcloud:users:182086432,NÃ”MADE SOUND,True,whose journeys never ends,,False,True,True,soundcloud:system-playlists:artist-stations:182086432,artist-stations:182086432
2018-03-29T14:04:15Z,like,8,https://i1.sndcdn.com/artworks-et7EPg9XzH9Py1bw-nq1qyA-large.jpg,2018-03-19T14:56:27Z,17830373,476152911,playlist,2022-02-11T05:53:33Z,62673,False,first-on-soundcloud,https://soundcloud.com/playlist/sets/first-on-soundcloud,True,5995,,public,First On SoundCloud,100,https://api.soundcloud.com/playlists/476152911,377131535,,False,2018-03-21T02:23:48Z,,2018-03-21T02:23:48Z,https://i1.sndcdn.com/avatars-wQ2we7uDPoXzUVzW-qdr1Yg-large.jpg,,22443,,377131535,user,2020-12-11T15:55:04Z,,playlist,https://soundcloud.com/playlist,https://api.soundcloud.com/users/377131535,soundcloud:users:377131535,Moments,True,,,False,True,True,soundcloud:system-playlists:artist-stations:377131535,artist-stations:377131535
2018-03-19T03:38:55Z,like,8,https://i1.sndcdn.com/artworks-6b9d7758-3791-4149-8209-b6cce9c1a1f0-0-large.jpg,2017-06-21T09:51:15Z,2556420,332142228,playlist,2017-06-21T09:51:15Z,5,True,megatrap-1,https://soundcloud.com/headhighofficial/sets/megatrap-1,True,0,,public,Megatrap,9,https://api.soundcloud.com/playlists/332142228,314454687,album,True,2014-06-17T00:00:00Z,2014-06-17T00:00:00Z,2014-06-17T00:00:00Z,https://a1.sndcdn.com/images/default_avatar_large.png,,122,,314454687,user,2017-06-20T13:34:14Z,,headhighofficial,https://soundcloud.com/headhighofficial,https://api.soundcloud.com/users/314454687,soundcloud:users:314454687,Head High,False,,,False,False,False,soundcloud:system-playlists:artist-stations:314454687,artist-stations:314454687
2018-03-19T03:37:53Z,like,8,https://i1.sndcdn.com/artworks-19bc4264-f183-45f0-acd0-f13c64bce1d9-0-large.jpg,2017-12-28T12:35:54Z,4334603,408756086,playlist,2020-01-16T00:34:17Z,11,True,shedding-the-past,https://soundcloud.com/shedofficial/sets/shedding-the-past,True,2,,public,Shedding the Past,12,https://api.soundcloud.com/playlists/408756086,272886605,album,True,2016-10-21T00:00:00Z,2016-10-21T00:00:00Z,2016-10-21T00:00:00Z,https://a1.sndcdn.com/images/default_avatar_large.png,,717,,272886605,user,2016-12-05T11:25:49Z,,shedofficial,https://soundcloud.com/shedofficial,https://api.soundcloud.com/users/272886605,soundcloud:users:272886605,Shed,False,,,False,False,False,soundcloud:system-playlists:artist-stations:272886605,artist-stations:272886605
2018-03-03T00:10:27Z,like,8,https://i1.sndcdn.com/artworks-kFkTptGLJFRrKpBL-XzGpog-large.jpg,2018-02-22T16:23:12Z,12986122,454981347,playlist,2022-02-12T14:04:46Z,100902,False,fresh-pressed-tracks,https://soundcloud.com/fresh-pressed/sets/fresh-pressed-tracks,True,6801,,public,Fresh Pressed Tracks,72,https://api.soundcloud.com/playlists/454981347,355864388,,False,2018-02-23T15:35:33Z,2016-03-08T00:00:00Z,2018-02-23T15:35:33Z,https://i1.sndcdn.com/avatars-kFkTptGLJFRrKpBL-XzGpog-large.jpg,,11211,,355864388,user,2020-11-18T16:06:21Z,,fresh-pressed,https://soundcloud.com/fresh-pressed,https://api.soundcloud.com/users/355864388,soundcloud:users:355864388,Fresh Pressed,True,,,False,True,True,soundcloud:system-playlists:artist-stations:355864388,artist-stations:355864388
2018-02-28T17:54:52Z,like,8,,2018-02-28T14:32:50Z,1741385,459962646,playlist,2018-02-28T14:43:30Z,3,False,february-highlights,https://soundcloud.com/globalmusicteam/sets/february-highlights,True,0,,public,February Highlights,7,https://api.soundcloud.com/playlists/459962646,281577958,,False,2018-02-28T14:43:30Z,,2018-02-28T14:43:30Z,https://i1.sndcdn.com/avatars-jOof0yuiXI8uDi4S-m4Eb3g-large.jpg,,74,,281577958,user,2021-12-09T19:42:40Z,,globalmusicteam,https://soundcloud.com/globalmusicteam,https://api.soundcloud.com/users/281577958,soundcloud:users:281577958,The Music Team,False,,,False,False,False,soundcloud:system-playlists:artist-stations:281577958,artist-stations:281577958
2018-01-28T22:19:20Z,like,8,https://i1.sndcdn.com/artworks-08993e0e-ad63-4a6f-a241-074912f79edd-0-large.jpg,2017-06-21T18:55:40Z,1940168,332232847,playlist,2017-06-21T18:55:40Z,10,True,showcase-26,https://soundcloud.com/juniordelahaye/sets/showcase-26,True,1,,public,Showcase,6,https://api.soundcloud.com/playlists/332232847,314467243,album,True,2005-09-26T00:00:00Z,2005-09-26T00:00:00Z,2005-09-26T00:00:00Z,https://a1.sndcdn.com/images/default_avatar_large.png,,7,,314467243,user,2017-06-20T14:15:09Z,,juniordelahaye,https://soundcloud.com/juniordelahaye,https://api.soundcloud.com/users/314467243,soundcloud:users:314467243,Junior Delahaye,False,,,False,False,False,soundcloud:system-playlists:artist-stations:314467243,artist-stations:314467243
2018-01-28T01:28:42Z,like,8,https://i1.sndcdn.com/artworks-f1a989c8-7004-4c6b-80fd-f7aaeffdec0d-0-large.jpg,2017-06-21T18:53:13Z,4305633,332232158,playlist,2017-06-21T18:53:13Z,30,True,m-series-2,https://soundcloud.com/maurizioofficial/sets/m-series-2,True,0,,public,M-Series,9,https://api.soundcloud.com/playlists/332232158,314457035,album,True,2004-04-01T00:00:00Z,2004-04-01T00:00:00Z,2004-04-01T00:00:00Z,https://a1.sndcdn.com/images/default_avatar_large.png,,173,,314457035,user,2017-06-20T13:41:53Z,,maurizioofficial,https://soundcloud.com/maurizioofficial,https://api.soundcloud.com/users/314457035,soundcloud:users:314457035,Maurizio,False,,,False,False,False,soundcloud:system-playlists:artist-stations:314457035,artist-stations:314457035
2018-01-28T01:21:50Z,like,8,https://i1.sndcdn.com/artworks-000127691164-1wreev-large.jpg,2015-08-27T18:17:02Z,9624311,138876496,playlist,2015-08-27T18:18:23Z,149,False,wackies-vinyl-selections,https://soundcloud.com/raversecords/sets/wackies-vinyl-selections,True,15,,public,Wackies Vinyl Selections,22,https://api.soundcloud.com/playlists/138876496,164404953,compilation,True,,,2015-08-27T18:17:02Z,https://i1.sndcdn.com/avatars-000192987309-4qlif9-large.jpg,,7683,,164404953,user,2021-03-21T06:01:02Z,,raversecords,https://soundcloud.com/raversecords,https://api.soundcloud.com/users/164404953,soundcloud:users:164404953,Midnight Raver Reggae & Dub,False,Virginia,US,False,True,False,soundcloud:system-playlists:artist-stations:164404953,artist-stations:164404953
2018-01-28T00:23:02Z,like,8,https://i1.sndcdn.com/artworks-a982298e-b5c3-4422-9176-38eadc0f1512-0-large.jpg,2017-12-30T08:24:49Z,3018790,410241284,playlist,2017-12-30T12:03:31Z,37,True,with-the-artists,https://soundcloud.com/rhythmsoundofficial/sets/with-the-artists,True,2,,public,With The Artists,8,https://api.soundcloud.com/playlists/410241284,242194231,album,True,2005-04-01T00:00:00Z,2005-04-01T00:00:00Z,2005-04-01T00:00:00Z,https://a1.sndcdn.com/images/default_avatar_large.png,,708,,242194231,user,2016-07-21T09:34:16Z,,rhythmsoundofficial,https://soundcloud.com/rhythmsoundofficial,https://api.soundcloud.com/users/242194231,soundcloud:users:242194231,Rhythm & Sound,False,,,False,False,False,soundcloud:system-playlists:artist-stations:242194231,artist-stations:242194231
2018-01-28T00:22:57Z,like,8,https://i1.sndcdn.com/artworks-5c5c9c00-85f7-4ea1-bf6a-348e1bbe9365-0-large.jpg,2017-12-28T16:10:32Z,2811871,408873719,playlist,2017-12-30T11:30:02Z,51,True,see-mi-yah,https://soundcloud.com/rhythmsoundofficial/sets/see-mi-yah,True,7,,public,See Mi Yah,11,https://api.soundcloud.com/playlists/408873719,242194231,album,True,2005-03-11T00:00:00Z,2005-03-11T00:00:00Z,2005-03-11T00:00:00Z,https://a1.sndcdn.com/images/default_avatar_large.png,,708,,242194231,user,2016-07-21T09:34:16Z,,rhythmsoundofficial,https://soundcloud.com/rhythmsoundofficial,https://api.soundcloud.com/users/242194231,soundcloud:users:242194231,Rhythm & Sound,False,,,False,False,False,soundcloud:system-playlists:artist-stations:242194231,artist-stations:242194231
2018-01-28T00:18:36Z,like,8,https://i1.sndcdn.com/artworks-c48e0166-5b43-479b-905a-68ad525fefed-0-large.jpg,2017-06-21T01:56:57Z,1191628,332074672,playlist,2017-06-21T01:56:57Z,34,True,q-1-1,https://soundcloud.com/basicchannelofficial/sets/q-1-1,True,1,,public,Q 1.1,4,https://api.soundcloud.com/playlists/332074672,314449367,album,True,2008-04-04T00:00:00Z,2008-04-04T00:00:00Z,2008-04-04T00:00:00Z,https://a1.sndcdn.com/images/default_avatar_large.png,,1596,,314449367,user,2017-06-20T13:16:12Z,,basicchannelofficial,https://soundcloud.com/basicchannelofficial,https://api.soundcloud.com/users/314449367,soundcloud:users:314449367,Basic Channel,False,,,False,False,False,soundcloud:system-playlists:artist-stations:314449367,artist-stations:314449367
2018-01-27T23:37:35Z,like,8,https://i1.sndcdn.com/artworks-7b27ea3f-5fb1-408a-bd2d-70d78038fdf9-0-large.jpg,2017-06-21T02:01:00Z,2192353,332075595,playlist,2017-06-21T02:01:00Z,56,True,quadrant-dub,https://soundcloud.com/basicchannelofficial/sets/quadrant-dub,True,3,,public,Quadrant Dub,2,https://api.soundcloud.com/playlists/332075595,314449367,album,True,2008-04-04T00:00:00Z,2008-04-04T00:00:00Z,2008-04-04T00:00:00Z,https://a1.sndcdn.com/images/default_avatar_large.png,,1596,,314449367,user,2017-06-20T13:16:12Z,,basicchannelofficial,https://soundcloud.com/basicchannelofficial,https://api.soundcloud.com/users/314449367,soundcloud:users:314449367,Basic Channel,False,,,False,False,False,soundcloud:system-playlists:artist-stations:314449367,artist-stations:314449367
2018-01-27T23:32:49Z,like,8,https://i1.sndcdn.com/artworks-0a98403d-f50f-4faf-98f6-bea8aa311a8b-0-large.jpg,2017-06-21T02:02:05Z,1859265,332075861,playlist,2021-01-26T13:07:25Z,34,True,radiance-12,https://soundcloud.com/basicchannelofficial/sets/radiance-12,True,2,,public,Radiance,3,https://api.soundcloud.com/playlists/332075861,314449367,album,True,2008-04-04T00:00:00Z,2008-04-04T00:00:00Z,2008-04-04T00:00:00Z,https://a1.sndcdn.com/images/default_avatar_large.png,,1596,,314449367,user,2017-06-20T13:16:12Z,,basicchannelofficial,https://soundcloud.com/basicchannelofficial,https://api.soundcloud.com/users/314449367,soundcloud:users:314449367,Basic Channel,False,,,False,False,False,soundcloud:system-playlists:artist-stations:314449367,artist-stations:314449367
2018-01-27T23:30:10Z,like,8,https://i1.sndcdn.com/artworks-c9f08fe5-f52b-4123-9555-ebdd2a7c51b9-0-large.jpg,2017-06-21T01:45:31Z,3919882,332071919,playlist,2017-06-21T01:45:31Z,29,True,bcd-3,https://soundcloud.com/basicchannelofficial/sets/bcd-3,True,2,,public,BCD,10,https://api.soundcloud.com/playlists/332071919,314449367,album,True,2004-04-01T00:00:00Z,2004-04-01T00:00:00Z,2004-04-01T00:00:00Z,https://a1.sndcdn.com/images/default_avatar_large.png,,1596,,314449367,user,2017-06-20T13:16:12Z,,basicchannelofficial,https://soundcloud.com/basicchannelofficial,https://api.soundcloud.com/users/314449367,soundcloud:users:314449367,Basic Channel,False,,,False,False,False,soundcloud:system-playlists:artist-stations:314449367,artist-stations:314449367
2018-01-25T22:45:44Z,like,8,https://i1.sndcdn.com/artworks-000248048291-swwy2d-large.jpg,2017-10-20T09:39:49Z,4432703,361373049,playlist,2017-10-20T09:44:04Z,348,False,gqom-is-the-future,https://soundcloud.com/wizic/sets/gqom-is-the-future,True,35,,public,Gqom is the Future,13,https://api.soundcloud.com/playlists/361373049,12082857,album,True,2017-10-20T09:39:49Z,2017-10-20T00:00:00Z,2017-10-20T09:39:49Z,https://i1.sndcdn.com/avatars-000225276891-f4c2cn-large.jpg,The Dark,213,The Dark Knight,12082857,user,2016-05-17T08:07:20Z,Knight,wizic,https://soundcloud.com/wizic,https://api.soundcloud.com/users/12082857,soundcloud:users:12082857,Batman,False,Gotham,,False,False,False,soundcloud:system-playlists:artist-stations:12082857,artist-stations:12082857
2018-01-25T16:14:50Z,like,8,,2018-01-10T10:27:31Z,1389662,418872203,playlist,2018-01-10T10:27:31Z,1,False,january-highlights,https://soundcloud.com/globalmusicteam/sets/january-highlights,True,0,,public,January Highlights,8,https://api.soundcloud.com/playlists/418872203,281577958,,False,2018-01-10T10:27:31Z,,2018-01-10T10:27:31Z,https://i1.sndcdn.com/avatars-jOof0yuiXI8uDi4S-m4Eb3g-large.jpg,,74,,281577958,user,2021-12-09T19:42:40Z,,globalmusicteam,https://soundcloud.com/globalmusicteam,https://api.soundcloud.com/users/281577958,soundcloud:users:281577958,The Music Team,False,,,False,False,False,soundcloud:system-playlists:artist-stations:281577958,artist-stations:281577958
2018-01-12T09:26:49Z,like,8,https://i1.sndcdn.com/artworks-000145436410-h5tqtu-large.jpg,2016-02-01T10:19:19Z,4289458,191716772,playlist,2016-02-01T13:15:28Z,718,False,gqom-oh-the-sound-of-durban,https://soundcloud.com/gqomu/sets/gqom-oh-the-sound-of-durban,True,110,,public,Gqom Oh! The sound of Durban Vol.1 ( streaming exclusive ),18,https://api.soundcloud.com/playlists/191716772,148552460,,False,,,2016-02-01T10:19:19Z,https://i1.sndcdn.com/avatars-000141430646-gl7goq-large.jpg,Gqom,10062,Gqom Sgubhu,148552460,user,2020-12-16T21:08:37Z,Sgubhu,gqomu,https://soundcloud.com/gqomu,https://api.soundcloud.com/users/148552460,soundcloud:users:148552460,Gqom Oh!,True,Durban,,False,True,True,soundcloud:system-playlists:artist-stations:148552460,artist-stations:148552460
2018-01-01T14:40:48Z,like,8,https://i1.sndcdn.com/artworks-000277670048-gf649p-large.jpg,2017-12-29T15:27:30Z,4946815,409643561,playlist,2017-12-29T16:34:27Z,661,False,ostgut-ton-2017-selection,https://soundcloud.com/ostgutton-official/sets/ostgut-ton-2017-selection,True,110,,public,Ostgut Ton 2017 selection,12,https://api.soundcloud.com/playlists/409643561,1690295,,False,2017-12-29T16:31:44Z,2017-12-29T00:00:00Z,2017-12-29T16:31:44Z,https://i1.sndcdn.com/avatars-000012645524-6sro9y-large.jpg,Ostgut,114076,Ostgut Ton,1690295,user,2021-11-26T08:14:42Z,Ton,ostgutton-official,https://soundcloud.com/ostgutton-official,https://api.soundcloud.com/users/1690295,soundcloud:users:1690295,Ostgut Ton | A-TON | unterton,True,Berlin,DE,False,True,True,soundcloud:system-playlists:artist-stations:1690295,artist-stations:1690295
2017-12-20T20:28:36Z,like,8,https://i1.sndcdn.com/artworks-6468e263-bde6-4450-a693-d193c90edc6f-0-large.jpg,2017-09-07T09:17:12Z,3720085,350933654,playlist,2018-04-27T04:53:13Z,2,True,legend-62,https://soundcloud.com/horace-andy/sets/legend-62,True,0,,public,Legend,20,https://api.soundcloud.com/playlists/350933654,203412811,album,True,2010-11-11T00:00:00Z,2010-11-11T00:00:00Z,2010-11-11T00:00:00Z,https://i1.sndcdn.com/avatars-000212705043-9rtl4r-large.jpg,,1617,,203412811,user,2016-03-25T19:05:19Z,,horace-andy,https://soundcloud.com/horace-andy,https://api.soundcloud.com/users/203412811,soundcloud:users:203412811,Horace Andy,False,,,False,True,False,soundcloud:system-playlists:artist-stations:203412811,artist-stations:203412811
2017-12-20T01:01:10Z,like,8,https://i1.sndcdn.com/artworks-000217524043-o5qqcp-large.jpg,2017-04-12T21:31:20Z,2804737,315049216,playlist,2017-04-18T04:35:25Z,125,False,airspace-airspace,https://soundcloud.com/a-i-r-s-p-a-c-e/sets/airspace-airspace,True,30,,public,AIRSPACE - AIRSPACE,7,https://api.soundcloud.com/playlists/315049216,142735142,album,True,2017-04-12T21:31:20Z,2017-04-12T00:00:00Z,2017-04-12T21:31:20Z,https://i1.sndcdn.com/avatars-000307369623-l8z510-large.jpg,,533,,142735142,user,2017-04-12T18:07:11Z,,a-i-r-s-p-a-c-e,https://soundcloud.com/a-i-r-s-p-a-c-e,https://api.soundcloud.com/users/142735142,soundcloud:users:142735142,a i r s p a c e,False,Los Angeles,,False,False,False,soundcloud:system-playlists:artist-stations:142735142,artist-stations:142735142
2017-12-19T18:13:28Z,like,8,https://i1.sndcdn.com/artworks-000268295522-vuu3kl-large.jpg,2017-12-11T16:24:19Z,2893633,395506574,playlist,2017-12-11T21:27:32Z,5220,False,next-wave-berlin,https://soundcloud.com/nextwave/sets/next-wave-berlin,True,339,,public,Next Wave: Berlin,5,https://api.soundcloud.com/playlists/395506574,358113647,,False,2017-12-11T21:27:32Z,,2017-12-11T21:27:32Z,https://i1.sndcdn.com/avatars-000361497965-skfelj-large.jpg,,2264,,358113647,user,2018-06-22T05:51:42Z,,nextwave,https://soundcloud.com/nextwave,https://api.soundcloud.com/users/358113647,soundcloud:users:358113647,Next Wave,False,,,False,False,False,soundcloud:system-playlists:artist-stations:358113647,artist-stations:358113647
2017-12-19T18:13:08Z,like,8,https://i1.sndcdn.com/artworks-000269281940-5f0vsq-large.jpg,2017-12-06T19:37:14Z,10889876,391828073,playlist,2019-09-06T13:14:05Z,34371,False,artists-to-watch,https://soundcloud.com/playback/sets/artists-to-watch,True,2097,,public,Artists to Watch,53,https://api.soundcloud.com/playlists/391828073,352252208,,False,2017-12-06T19:37:14Z,,2017-12-06T19:37:14Z,https://i1.sndcdn.com/avatars-000474187830-6w79xw-large.jpg,,9595,,352252208,user,2020-03-23T16:15:36Z,,playback,https://soundcloud.com/playback,https://api.soundcloud.com/users/352252208,soundcloud:users:352252208,Playback,False,,,False,True,False,soundcloud:system-playlists:artist-stations:352252208,artist-stations:352252208
2017-12-19T18:13:05Z,like,8,https://i1.sndcdn.com/artworks-000269282084-c32ytf-large.jpg,2017-12-06T17:35:35Z,2776312,391750424,playlist,2017-12-13T18:11:48Z,8320,False,soundcloud-starters,https://soundcloud.com/playback/sets/soundcloud-starters,True,465,,public,2017 SoundCloud First Artists,14,https://api.soundcloud.com/playlists/391750424,352252208,,False,2017-12-06T17:35:35Z,,2017-12-06T17:35:35Z,https://i1.sndcdn.com/avatars-000474187830-6w79xw-large.jpg,,9595,,352252208,user,2020-03-23T16:15:36Z,,playback,https://soundcloud.com/playback,https://api.soundcloud.com/users/352252208,soundcloud:users:352252208,Playback,False,,,False,True,False,soundcloud:system-playlists:artist-stations:352252208,artist-stations:352252208
2017-12-19T18:12:55Z,like,8,https://i1.sndcdn.com/artworks-251e408a-17db-4b0e-b3e7-40de1621f1c1-0-large.jpg,2017-11-18T09:07:18Z,3405079,377639081,playlist,2018-04-08T19:22:53Z,16324,True,say-less-5,https://soundcloud.com/roywoodsofficial/sets/say-less-5,True,2017,,public,Say Less,16,https://api.soundcloud.com/playlists/377639081,8690456,album,True,2017-12-01T00:00:00Z,2017-12-01T00:00:00Z,2017-12-01T00:00:00Z,https://i1.sndcdn.com/avatars-XyWy2ztoDSKd87yK-RFGm2Q-large.jpg,,297625,,8690456,user,2022-01-30T00:00:01Z,,roywoodsofficial,https://soundcloud.com/roywoodsofficial,https://api.soundcloud.com/users/8690456,soundcloud:users:8690456,Roy Woods,True,Toronto,CA,False,False,True,soundcloud:system-playlists:artist-stations:8690456,artist-stations:8690456
2017-12-11T16:35:51Z,like,8,https://i1.sndcdn.com/artworks-000266307971-7ttt4x-large.jpg,2017-12-07T16:12:12Z,2141644,392464118,playlist,2017-12-11T16:27:28Z,2,False,2017-playback-artists-to-watch,https://soundcloud.com/globalmusicteam/sets/2017-playback-artists-to-watch,True,0,,public,2017 Playback Artists to Watch,9,https://api.soundcloud.com/playlists/392464118,281577958,,False,2017-12-07T16:12:12Z,,2017-12-07T16:12:12Z,https://i1.sndcdn.com/avatars-jOof0yuiXI8uDi4S-m4Eb3g-large.jpg,,74,,281577958,user,2021-12-09T19:42:40Z,,globalmusicteam,https://soundcloud.com/globalmusicteam,https://api.soundcloud.com/users/281577958,soundcloud:users:281577958,The Music Team,False,,,False,False,False,soundcloud:system-playlists:artist-stations:281577958,artist-stations:281577958
2017-12-11T14:12:15Z,like,8,https://i1.sndcdn.com/artworks-000193865218-g4hzhd-large.jpg,2016-11-15T09:59:05Z,1098860,275696823,playlist,2016-11-16T17:24:44Z,7660,False,project-11,https://soundcloud.com/jorjasmith/sets/project-11,True,1215,,public,Project 11,4,https://api.soundcloud.com/playlists/275696823,29084746,,False,2016-11-16T17:24:40Z,,2016-11-16T17:24:40Z,https://i1.sndcdn.com/avatars-FoXo03gdZ24qPrFs-gnf6lA-large.jpg,Jorja,131764,Jorja Smith,29084746,user,2021-12-03T11:17:38Z,Smith,jorjasmith,https://soundcloud.com/jorjasmith,https://api.soundcloud.com/users/29084746,soundcloud:users:29084746,Jorja Smith,True,WS1,,False,True,True,soundcloud:system-playlists:artist-stations:29084746,artist-stations:29084746
2017-12-09T19:33:46Z,like,8,https://i1.sndcdn.com/artworks-000202707927-1wg0t5-large.jpg,2017-01-12T20:58:40Z,3088865,291202219,playlist,2017-01-13T08:53:17Z,93055,False,gttm-goin-thru-the-motions,https://soundcloud.com/pnbrock/sets/gttm-goin-thru-the-motions,True,11238,,public,GTTM: Goin Thru the Motions,14,https://api.soundcloud.com/playlists/291202219,45177625,,False,2017-01-13T05:23:24Z,2017-01-11T00:00:00Z,2017-01-13T05:23:24Z,https://i1.sndcdn.com/avatars-8ptczozkEWcZbcin-EZWzvQ-large.jpg,,630058,,45177625,user,2022-02-08T16:12:55Z,,pnbrock,https://soundcloud.com/pnbrock,https://api.soundcloud.com/users/45177625,soundcloud:users:45177625,PnB Rock,True,"Philadelphia,Pa",US,False,True,True,soundcloud:system-playlists:artist-stations:45177625,artist-stations:45177625
2017-12-09T19:33:34Z,like,8,https://i1.sndcdn.com/artworks-000203806240-b3bkg5-large.jpg,2017-01-20T11:05:58Z,3497509,293284924,playlist,2017-01-27T13:37:10Z,205235,False,c-u-l-t-u-r-e-1-27-17,https://soundcloud.com/migosatl/sets/c-u-l-t-u-r-e-1-27-17,True,28383,,public,C U L T U R E,13,https://api.soundcloud.com/playlists/293284924,15017483,album,True,2017-01-20T11:05:58Z,2017-01-23T00:00:00Z,2017-01-20T11:05:58Z,https://i1.sndcdn.com/avatars-WOVW3h6yHBGW5hfm-X67XPA-large.jpg,Migos,1351333,Migos,15017483,user,2021-06-11T15:41:17Z,,migosatl,https://soundcloud.com/migosatl,https://api.soundcloud.com/users/15017483,soundcloud:users:15017483,Migos,True,Nawfside atl,US,False,True,True,soundcloud:system-playlists:artist-stations:15017483,artist-stations:15017483
2017-12-09T19:33:25Z,like,8,,2017-11-13T15:46:00Z,3911391,373884947,playlist,2018-06-19T15:27:28Z,1,False,next-wave,https://soundcloud.com/lungos/sets/next-wave,True,0,,public,Next Wave,1,https://api.soundcloud.com/playlists/373884947,67278483,,False,2017-11-13T15:46:00Z,,2017-11-13T15:46:00Z,https://i1.sndcdn.com/avatars-j4bnjvrCaA4iLINo-kv9TGg-large.jpg,,72,,67278483,user,2021-02-16T15:48:58Z,,lungos,https://soundcloud.com/lungos,https://api.soundcloud.com/users/67278483,soundcloud:users:67278483,Guillaume,False,,,False,False,False,soundcloud:system-playlists:artist-stations:67278483,artist-stations:67278483
2017-12-09T19:33:05Z,like,8,https://i1.sndcdn.com/artworks-000507887628-cmrkee-large.jpg,2017-11-21T15:54:45Z,4227256,380154338,playlist,2019-04-10T16:59:35Z,178716,False,hip-hop-supreme,https://soundcloud.com/hiphopsupreme/sets/hip-hop-supreme,True,9791,,public,Hip Hop Supreme,26,https://api.soundcloud.com/playlists/380154338,352247288,,False,2017-11-21T15:54:45Z,,2017-11-21T15:54:45Z,https://i1.sndcdn.com/avatars-000364538435-xaqnka-large.jpg,,12578,,352247288,user,2018-07-19T11:41:01Z,,hiphopsupreme,https://soundcloud.com/hiphopsupreme,https://api.soundcloud.com/users/352247288,soundcloud:users:352247288,Hip Hop Supreme,False,,,False,False,False,soundcloud:system-playlists:artist-stations:352247288,artist-stations:352247288
2017-12-09T19:32:58Z,like,8,https://i1.sndcdn.com/artworks-000268633907-jp9rxa-large.jpg,2017-11-21T17:37:21Z,130687085,380220437,playlist,2019-04-10T17:02:27Z,29066,False,in-the-mix,https://soundcloud.com/inthemix/sets/in-the-mix,True,1999,,public,In the Mix,24,https://api.soundcloud.com/playlists/380220437,352248896,,False,2017-11-21T17:37:21Z,,2017-11-21T17:37:21Z,https://i1.sndcdn.com/avatars-000364532201-yhkvu0-large.jpg,,2168,,352248896,user,2018-09-13T00:58:04Z,,inthemix,https://soundcloud.com/inthemix,https://api.soundcloud.com/users/352248896,soundcloud:users:352248896,In the Mix,False,,,False,False,False,soundcloud:system-playlists:artist-stations:352248896,artist-stations:352248896
2017-12-09T19:32:35Z,like,8,https://i1.sndcdn.com/artworks-000269282186-7qhjbb-large.jpg,2017-11-28T20:15:46Z,2121009,385653278,playlist,2017-12-13T18:12:03Z,25334,False,most-liked-2017,https://soundcloud.com/playback/sets/most-liked-2017,True,1499,,public,2017 Most Liked,10,https://api.soundcloud.com/playlists/385653278,352252208,,False,2017-11-28T20:15:46Z,,2017-11-28T20:15:46Z,https://i1.sndcdn.com/avatars-000474187830-6w79xw-large.jpg,,9595,,352252208,user,2020-03-23T16:15:36Z,,playback,https://soundcloud.com/playback,https://api.soundcloud.com/users/352252208,soundcloud:users:352252208,Playback,False,,,False,True,False,soundcloud:system-playlists:artist-stations:352252208,artist-stations:352252208
2017-12-09T19:32:30Z,like,8,https://i1.sndcdn.com/artworks-000268766840-jnw6wf-large.jpg,2017-12-04T21:01:44Z,1822359,390336407,playlist,2017-12-12T17:05:55Z,3078,False,next-wave-rio-de-janiero-sao,https://soundcloud.com/nextwave/sets/next-wave-rio-de-janiero-sao,True,253,,public,Next Wave: Rio de Janeiro & SÃ£o Paulo,11,https://api.soundcloud.com/playlists/390336407,358113647,,False,2017-12-04T21:01:44Z,,2017-12-04T21:01:44Z,https://i1.sndcdn.com/avatars-000361497965-skfelj-large.jpg,,2264,,358113647,user,2018-06-22T05:51:42Z,,nextwave,https://soundcloud.com/nextwave,https://api.soundcloud.com/users/358113647,soundcloud:users:358113647,Next Wave,False,,,False,False,False,soundcloud:system-playlists:artist-stations:358113647,artist-stations:358113647
2017-12-08T23:54:24Z,like,8,https://i1.sndcdn.com/artworks-000266308613-k3cg9q-large.jpg,2017-12-06T19:30:02Z,1830545,391823387,playlist,2017-12-07T19:26:42Z,2,False,december-highlights,https://soundcloud.com/globalmusicteam/sets/december-highlights,True,0,,public,December Highlights,10,https://api.soundcloud.com/playlists/391823387,281577958,,False,2017-12-06T19:30:02Z,,2017-12-06T19:30:02Z,https://i1.sndcdn.com/avatars-jOof0yuiXI8uDi4S-m4Eb3g-large.jpg,,74,,281577958,user,2021-12-09T19:42:40Z,,globalmusicteam,https://soundcloud.com/globalmusicteam,https://api.soundcloud.com/users/281577958,soundcloud:users:281577958,The Music Team,False,,,False,False,False,soundcloud:system-playlists:artist-stations:281577958,artist-stations:281577958
2017-11-30T01:15:48Z,like,8,https://i1.sndcdn.com/artworks-000483702825-5g2g7d-large.jpg,2016-01-04T15:15:02Z,1225236426,182049301,playlist,2021-06-08T15:28:26Z,3531,False,ra-podcasts,https://soundcloud.com/resident-advisor/sets/ra-podcasts,True,462,,public,RA podcasts,267,https://api.soundcloud.com/playlists/182049301,1852694,,False,,,2016-01-04T15:15:02Z,https://i1.sndcdn.com/avatars-2rP122hYiP5jfQRI-07LZoA-large.jpg,Resident,198414,Resident Advisor,1852694,user,2022-01-28T14:25:18Z,Advisor,resident-advisor,https://soundcloud.com/resident-advisor,https://api.soundcloud.com/users/1852694,soundcloud:users:1852694,Resident Advisor,True,Worldwide,,False,True,True,soundcloud:system-playlists:artist-stations:1852694,artist-stations:1852694
2017-11-23T18:50:01Z,like,8,https://i1.sndcdn.com/artworks-000220671288-1m36ls-large.jpg,2017-05-02T21:34:23Z,1836105,320060705,playlist,2017-05-02T21:39:07Z,176,False,all-this-i-do-for-glory,https://soundcloud.com/colin-stetson/sets/all-this-i-do-for-glory,True,42,,public,All This I Do for Glory,5,https://api.soundcloud.com/playlists/320060705,1993863,album,True,2017-05-02T21:34:23Z,2017-04-27T00:00:00Z,2017-05-02T21:34:23Z,https://i1.sndcdn.com/avatars-000230390197-71ilhz-large.jpg,Colin,5159,Colin Stetson,1993863,user,2021-07-16T19:57:01Z,Stetson,colin-stetson,https://soundcloud.com/colin-stetson,https://api.soundcloud.com/users/1993863,soundcloud:users:1993863,Colin Stetson,False,Montreal,CA,False,False,False,soundcloud:system-playlists:artist-stations:1993863,artist-stations:1993863
2017-11-23T15:33:50Z,like,8,https://i1.sndcdn.com/artworks-000260282357-qxftur-large.jpg,2017-11-23T14:30:00Z,1972658,381667688,playlist,2017-11-23T14:31:02Z,208,False,ebo-taylor-and-the-pelikans-1,https://soundcloud.com/mrbongo/sets/ebo-taylor-and-the-pelikans-1,True,42,,public,Ebo Taylor And The Pelikans,6,https://api.soundcloud.com/playlists/381667688,261119,album,True,2017-11-23T14:30:00Z,2017-11-24T00:00:00Z,2017-11-23T14:30:00Z,https://i1.sndcdn.com/avatars-000210050143-a7st0b-large.jpg,Mr Bongo,47602,Mr Bongo,261119,user,2022-01-21T08:48:54Z,,mrbongo,https://soundcloud.com/mrbongo,https://api.soundcloud.com/users/261119,soundcloud:users:261119,Mr Bongo,True,Brighton,,False,True,True,soundcloud:system-playlists:artist-stations:261119,artist-stations:261119
2021-09-06T07:06:01Z,like,9,,2021-09-04T10:40:50Z,6069459,1311476077,playlist,2021-09-04T11:05:41Z,1,False,trs,https://soundcloud.com/daniel-shahkab/sets/trs,True,0,,public,ðŸ’µ TRS ðŸ’µ,25,https://api.soundcloud.com/playlists/1311476077,33537781,,False,2021-09-04T10:40:50Z,,2021-09-04T10:40:50Z,https://a1.sndcdn.com/images/default_avatar_large.png,Daniel,70,Daniel Shahkab,33537781,user,2021-09-06T12:25:57Z,Shahkab,daniel-shahkab,https://soundcloud.com/daniel-shahkab,https://api.soundcloud.com/users/33537781,soundcloud:users:33537781,Daniel Shahkab,False,,,False,False,False,soundcloud:system-playlists:artist-stations:33537781,artist-stations:33537781
2016-07-23T21:11:00Z,like,9,https://i1.sndcdn.com/artworks-000022793360-8neg5v-large.jpg,2012-05-04T21:49:02Z,2444801,1948529,playlist,2012-05-04T21:49:05Z,83,False,les-chansos-damour,https://soundcloud.com/jorge-murillo/sets/les-chansos-damour,True,8,,public,Les Chansos D'amour,12,https://api.soundcloud.com/playlists/1948529,10958568,album,True,,,2012-05-04T21:49:02Z,https://i1.sndcdn.com/avatars-lfJylJIzahTzIhdR-jKBgvw-large.jpg,Jorge,54,Jorge Murillo,10958568,user,2020-07-26T01:39:17Z,Murillo,jorge-murillo,https://soundcloud.com/jorge-murillo,https://api.soundcloud.com/users/10958568,soundcloud:users:10958568,Jorge Murillo,False,,,False,False,False,soundcloud:system-playlists:artist-stations:10958568,artist-stations:10958568
2016-04-01T21:09:50Z,like,9,,2016-04-01T16:20:30Z,3595477,211607644,playlist,2016-07-15T07:23:52Z,84620,False,the-life-of-pablo,https://soundcloud.com/kanyewest/sets/the-life-of-pablo,True,14315,,public,The Life of Pablo,19,https://api.soundcloud.com/playlists/211607644,174006135,album,True,,2016-02-14T00:00:00Z,2016-04-01T16:20:30Z,https://i1.sndcdn.com/avatars-4Inztdfszyp0SEfN-640cWg-large.jpg,,1239138,,174006135,user,2021-11-15T23:45:13Z,,kanyewest,https://soundcloud.com/kanyewest,https://api.soundcloud.com/users/174006135,soundcloud:users:174006135,Kanye West,True,,,False,True,True,soundcloud:system-playlists:artist-stations:174006135,artist-stations:174006135
2016-03-31T00:54:03Z,like,9,https://i1.sndcdn.com/artworks-000153001003-rgb38c-large.jpg,2016-03-22T11:32:11Z,38990390,208187024,playlist,2016-03-28T05:40:07Z,8241,False,piano-day-2016-playlist,https://soundcloud.com/nils_frahm/sets/piano-day-2016-playlist,True,1239,,public,Piano Day 2016 Playlist,128,https://api.soundcloud.com/playlists/208187024,9701996,,False,,,2016-03-22T11:32:11Z,https://i1.sndcdn.com/avatars-hZ0CLDJmyDGNnYQy-LFqcmQ-large.jpg,nils,2015867,nils frahm,9701996,user,2021-11-04T09:08:24Z,frahm,nils_frahm,https://soundcloud.com/nils_frahm,https://api.soundcloud.com/users/9701996,soundcloud:users:9701996,Nils Frahm,True,Berlin,,False,False,True,soundcloud:system-playlists:artist-stations:9701996,artist-stations:9701996
2015-03-23T22:51:57Z,like,9,,2012-11-22T09:11:40Z,14663142,2794067,playlist,2012-11-22T09:13:35Z,346,False,casting-down-your-pod,https://soundcloud.com/the-streets/sets/casting-down-your-pod,True,59,,public,Casting Down Your Pod,9,https://api.soundcloud.com/playlists/2794067,2221876,,False,,,2012-11-22T09:11:40Z,https://i1.sndcdn.com/avatars-000035870625-3o4wfk-large.jpg,The Streets,56084,The Streets,2221876,user,2020-11-19T16:27:15Z,,the-streets,https://soundcloud.com/the-streets,https://api.soundcloud.com/users/2221876,soundcloud:users:2221876,The Streets,True,London,GB,False,False,True,soundcloud:system-playlists:artist-stations:2221876,artist-stations:2221876
2015-03-05T19:31:41Z,like,9,https://i1.sndcdn.com/artworks-000106251932-snu0gk-large.jpg,2015-02-10T13:09:24Z,2022127,79748935,playlist,2015-02-11T10:06:44Z,257,False,cats-eyes-duke-of-burgundy-ost-1,https://soundcloud.com/dazedandconfused/sets/cats-eyes-duke-of-burgundy-ost-1,True,47,,public,Cat's Eyes - Duke of Burgundy OST,19,https://api.soundcloud.com/playlists/79748935,365398,,False,,,2015-02-10T13:09:24Z,https://i1.sndcdn.com/avatars-000752607121-xoarok-large.jpg,Dazed,64432,Dazed & Confused,365398,user,2021-12-17T16:24:41Z,& Confused,dazedandconfused,https://soundcloud.com/dazedandconfused,https://api.soundcloud.com/users/365398,soundcloud:users:365398,Dazed Digital,True,London,,False,True,True,soundcloud:system-playlists:artist-stations:365398,artist-stations:365398
2014-10-08T23:55:31Z,like,9,https://i1.sndcdn.com/artworks-000082172888-68eb40-large.jpg,2014-06-12T14:16:21Z,1892453,39354075,playlist,2015-10-13T14:54:06Z,2609,False,romantic-works,https://soundcloud.com/keatonhensondear/sets/romantic-works,True,655,,public,Romantic Works featuring Ren Ford,0,https://api.soundcloud.com/playlists/39354075,8170148,album,True,,2014-06-16T00:00:00Z,2014-06-12T14:16:21Z,https://i1.sndcdn.com/avatars-000079472065-uaiflo-large.jpg,Keaton,1218429,Keaton Henson,8170148,user,2020-11-19T16:26:17Z,Henson,keatonhensondear,https://soundcloud.com/keatonhensondear,https://api.soundcloud.com/users/8170148,soundcloud:users:8170148,Keaton Henson,True,,GB,False,False,True,soundcloud:system-playlists:artist-stations:8170148,artist-stations:8170148
2014-08-18T12:05:52Z,like,9,https://i1.sndcdn.com/artworks-000035534478-5kxtub-large.jpg,2010-11-03T12:01:17Z,2285431,407417,playlist,2012-12-05T05:44:52Z,70,False,originals,https://soundcloud.com/blondes/sets/originals,True,12,,public,Touched,5,https://api.soundcloud.com/playlists/407417,2051861,,False,,,2010-11-03T12:01:17Z,https://i1.sndcdn.com/avatars-000319364642-y1516b-large.jpg,,40600,,2051861,user,2020-11-27T08:44:16Z,,blondes,https://soundcloud.com/blondes,https://api.soundcloud.com/users/2051861,soundcloud:users:2051861,BLONDES,True,"Brooklyn, NY",US,False,False,True,soundcloud:system-playlists:artist-stations:2051861,artist-stations:2051861
2014-01-22T09:53:41Z,like,9,https://i1.sndcdn.com/artworks-000060132882-u61iig-large.jpg,2013-04-12T12:50:43Z,811304,4749730,playlist,2013-10-28T17:18:26Z,654,False,collaborations,https://soundcloud.com/nils_frahm/sets/collaborations,True,100,,public,Collaborative Works,3,https://api.soundcloud.com/playlists/4749730,9701996,,False,,,2013-04-12T12:50:43Z,https://i1.sndcdn.com/avatars-hZ0CLDJmyDGNnYQy-LFqcmQ-large.jpg,nils,2015867,nils frahm,9701996,user,2021-11-04T09:08:24Z,frahm,nils_frahm,https://soundcloud.com/nils_frahm,https://api.soundcloud.com/users/9701996,soundcloud:users:9701996,Nils Frahm,True,Berlin,,False,False,True,soundcloud:system-playlists:artist-stations:9701996,artist-stations:9701996
2014-01-08T14:10:26Z,like,9,https://i1.sndcdn.com/artworks-000066621246-se0njk-large.jpg,2013-12-05T14:34:03Z,17782324,16367959,playlist,2014-01-07T13:03:22Z,394,False,best-tracks-of-2013,https://soundcloud.com/i_d_magazine/sets/best-tracks-of-2013,True,67,,public,The Best Tracks of 2013,46,https://api.soundcloud.com/playlists/16367959,8338230,,False,,,2013-12-05T14:34:03Z,https://i1.sndcdn.com/avatars-000154764269-j6m6qs-large.jpg,,220081,,8338230,user,2020-11-18T17:41:01Z,,i_d_magazine,https://soundcloud.com/i_d_magazine,https://api.soundcloud.com/users/8338230,soundcloud:users:8338230,i-D,True,London,,False,False,True,soundcloud:system-playlists:artist-stations:8338230,artist-stations:8338230
2013-08-05T13:56:05Z,like,9,https://i1.sndcdn.com/artworks-000054112809-rde7yb-large.jpg,2013-07-30T13:18:25Z,1992806,8388234,playlist,2013-07-30T13:43:30Z,9,False,the-miniwurstelmonth,https://soundcloud.com/bangpowwww/sets/the-miniwurstelmonth,True,3,,public,The Miniwurstelmonth,7,https://api.soundcloud.com/playlists/8388234,2107132,,False,,,2013-07-30T13:18:25Z,https://i1.sndcdn.com/avatars-000079544516-q91yi2-large.jpg,Ada,1278,Ada,2107132,user,2019-10-21T09:45:54Z,,bangpowwww,https://soundcloud.com/bangpowwww,https://api.soundcloud.com/users/2107132,soundcloud:users:2107132,bangpowwww,False,Berlin,DE,False,False,False,soundcloud:system-playlists:artist-stations:2107132,artist-stations:2107132
2013-07-18T07:28:58Z,like,9,https://i1.sndcdn.com/artworks-000053002747-om06dl-large.jpg,2013-07-15T20:58:00Z,3411371,7823033,playlist,2013-07-16T16:52:48Z,332,False,ghostly-x-warby-parker,https://soundcloud.com/ghostly/sets/ghostly-x-warby-parker,True,82,,public,Warby Parker x Ghostly,11,https://api.soundcloud.com/playlists/7823033,251687,compilation,True,,,2013-07-15T20:58:00Z,https://i1.sndcdn.com/avatars-000018823169-o5gt41-large.jpg,Ghostly,207962,Ghostly International,251687,user,2021-12-17T04:10:09Z,International,ghostly,https://soundcloud.com/ghostly,https://api.soundcloud.com/users/251687,soundcloud:users:251687,ghostly,True,Ann Arbor / NYC,US,False,True,True,soundcloud:system-playlists:artist-stations:251687,artist-stations:251687
2013-06-11T20:20:54Z,like,9,https://i1.sndcdn.com/artworks-000050352901-ijhckj-large.jpg,2013-06-11T19:51:33Z,6171067,6626208,playlist,2013-06-11T20:06:40Z,10,False,lets-take-a-train-to-the-sea,https://soundcloud.com/natalie/sets/lets-take-a-train-to-the-sea,True,3,,public,let's take a train to the sea,20,https://api.soundcloud.com/playlists/6626208,4128493,,False,,,2013-06-11T19:51:33Z,https://i1.sndcdn.com/avatars-000375410483-ea3soc-large.jpg,,4078,,4128493,user,2020-04-01T18:15:01Z,,natalie,https://soundcloud.com/natalie,https://api.soundcloud.com/users/4128493,soundcloud:users:4128493,Natalie Jo,False,Austin & on the road,DE,False,False,False,soundcloud:system-playlists:artist-stations:4128493,artist-stations:4128493
2013-05-29T12:02:06Z,like,9,https://i1.sndcdn.com/artworks-000066288792-4zjdzl-large.jpg,2012-09-12T15:37:16Z,2627868,2474167,playlist,2013-12-26T02:01:41Z,919,False,birthdays,https://soundcloud.com/keatonhensondear/sets/birthdays,True,250,,public,Birthdays,0,https://api.soundcloud.com/playlists/2474167,8170148,album,True,,,2012-09-12T15:37:16Z,https://i1.sndcdn.com/avatars-000079472065-uaiflo-large.jpg,Keaton,1218429,Keaton Henson,8170148,user,2020-11-19T16:26:17Z,Henson,keatonhensondear,https://soundcloud.com/keatonhensondear,https://api.soundcloud.com/users/8170148,soundcloud:users:8170148,Keaton Henson,True,,GB,False,False,True,soundcloud:system-playlists:artist-stations:8170148,artist-stations:8170148
2013-05-14T12:55:49Z,like,9,https://i1.sndcdn.com/artworks-000039009733-tp1k39-large.jpg,2013-01-23T20:16:49Z,2236728,3425822,playlist,2015-10-13T14:25:09Z,160,False,kisses-kids-in-l-a-1,https://soundcloud.com/cascine/sets/kisses-kids-in-l-a-1,True,31,,public,Kisses - Kids in LA,9,https://api.soundcloud.com/playlists/3425822,1802675,,False,,2013-05-14T00:00:00Z,2013-01-23T20:16:49Z,https://i1.sndcdn.com/avatars-6POTxmpzt3glqyCg-2FyTcg-large.jpg,,34033,,1802675,user,2021-12-10T16:52:21Z,,cascine,https://soundcloud.com/cascine,https://api.soundcloud.com/users/1802675,soundcloud:users:1802675,CASCINE,True,LA,,False,True,True,soundcloud:system-playlists:artist-stations:1802675,artist-stations:1802675
2013-03-15T13:58:39Z,like,9,https://i1.sndcdn.com/artworks-000023062946-h772vx-large.jpg,2012-05-09T19:43:30Z,1011529,1968628,playlist,2012-05-09T19:59:28Z,30,False,console,https://soundcloud.com/man-in-a-shed/sets/console,True,2,,public,Console,5,https://api.soundcloud.com/playlists/1968628,3441140,album,True,,,2012-05-09T19:43:30Z,https://i1.sndcdn.com/avatars-000015059974-rgfi2q-large.jpg,,60,,3441140,user,2020-02-03T09:35:54Z,,man-in-a-shed,https://soundcloud.com/man-in-a-shed,https://api.soundcloud.com/users/3441140,soundcloud:users:3441140,man in a shed,False,Manchester,GB,False,False,False,soundcloud:system-playlists:artist-stations:3441140,artist-stations:3441140
2013-03-14T08:57:08Z,like,9,https://i1.sndcdn.com/artworks-000042113499-cy90qn-large.jpg,2013-03-04T11:23:20Z,1082766,3948734,playlist,2013-03-04T11:50:43Z,140,False,the-school-of-life,https://soundcloud.com/pan-macmillan/sets/the-school-of-life,True,10,,public,The School of Life,6,https://api.soundcloud.com/playlists/3948734,29646018,,False,,,2013-03-04T11:23:20Z,https://i1.sndcdn.com/avatars-000203466792-kxz158-large.jpg,,764,,29646018,user,2021-09-30T15:18:03Z,,pan-macmillan,https://soundcloud.com/pan-macmillan,https://api.soundcloud.com/users/29646018,soundcloud:users:29646018,Pan Macmillan Audio,False,London,,False,True,False,soundcloud:system-playlists:artist-stations:29646018,artist-stations:29646018
2013-03-13T12:28:58Z,like,9,https://i1.sndcdn.com/artworks-000042840010-h1bkk8-large.jpg,2013-03-13T12:15:14Z,12694268,4072775,playlist,2013-03-13T13:26:48Z,76,False,sxsw,https://soundcloud.com/dazedandconfused/sets/sxsw,True,18,,public,The dA-Zed guide to SXSW buzz bands,16,https://api.soundcloud.com/playlists/4072775,365398,,False,,,2013-03-13T12:15:14Z,https://i1.sndcdn.com/avatars-000752607121-xoarok-large.jpg,Dazed,64432,Dazed & Confused,365398,user,2021-12-17T16:24:41Z,& Confused,dazedandconfused,https://soundcloud.com/dazedandconfused,https://api.soundcloud.com/users/365398,soundcloud:users:365398,Dazed Digital,True,London,,False,True,True,soundcloud:system-playlists:artist-stations:365398,artist-stations:365398
2013-03-08T14:58:21Z,like,9,,2013-02-17T16:59:51Z,4629991,3751285,playlist,2018-10-15T15:14:08Z,6,False,oe1p2q1p5d7k,https://soundcloud.com/agnese-medne/sets/oe1p2q1p5d7k,True,0,,public,+,18,https://api.soundcloud.com/playlists/3751285,12588197,,False,,,2013-02-17T16:59:51Z,https://i1.sndcdn.com/avatars-000126914642-th5ajo-large.jpg,Agnese,140,Agnese Medne,12588197,user,2017-07-06T08:43:27Z,Medne,agnese-medne,https://soundcloud.com/agnese-medne,https://api.soundcloud.com/users/12588197,soundcloud:users:12588197,Agnese Medne,False,Riga,LV,False,False,False,soundcloud:system-playlists:artist-stations:12588197,artist-stations:12588197
2013-02-16T06:48:22Z,like,9,,2012-12-03T12:31:36Z,1954889,2854414,playlist,2013-01-15T20:20:30Z,26,False,hey-there,https://soundcloud.com/katharina/sets/hey-there,True,4,,public,"hey, there.",8,https://api.soundcloud.com/playlists/2854414,9,,False,,,2012-12-03T12:31:36Z,https://i1.sndcdn.com/avatars-000047624224-vi8nfb-large.jpg,Katharina,21131,Katharina Birkenbach,9,user,2019-04-19T16:50:05Z,Birkenbach,katharina,https://soundcloud.com/katharina,https://api.soundcloud.com/users/9,soundcloud:users:9,Katharina,False,Berlin,DE,False,False,False,soundcloud:system-playlists:artist-stations:9,artist-stations:9
2013-01-22T13:08:09Z,like,9,https://i1.sndcdn.com/artworks-000036610100-l4ram1-large.jpg,2012-12-18T20:06:35Z,14178688,3026923,playlist,2012-12-20T13:04:45Z,279,False,the-best-of-2012,https://soundcloud.com/i_d_magazine/sets/the-best-of-2012,True,35,,public,The Best Of 2012,13,https://api.soundcloud.com/playlists/3026923,8338230,compilation,True,,,2012-12-18T20:06:35Z,https://i1.sndcdn.com/avatars-000154764269-j6m6qs-large.jpg,,220081,,8338230,user,2020-11-18T17:41:01Z,,i_d_magazine,https://soundcloud.com/i_d_magazine,https://api.soundcloud.com/users/8338230,soundcloud:users:8338230,i-D,True,London,,False,False,True,soundcloud:system-playlists:artist-stations:8338230,artist-stations:8338230
2013-01-21T16:10:34Z,like,9,,2012-06-20T13:45:37Z,3478553,2134714,playlist,2012-09-13T23:44:46Z,13,False,rain,https://soundcloud.com/bangpowwww/sets/rain,True,4,,public,Rain,7,https://api.soundcloud.com/playlists/2134714,2107132,,False,,,2012-06-20T13:45:37Z,https://i1.sndcdn.com/avatars-000079544516-q91yi2-large.jpg,Ada,1278,Ada,2107132,user,2019-10-21T09:45:54Z,,bangpowwww,https://soundcloud.com/bangpowwww,https://api.soundcloud.com/users/2107132,soundcloud:users:2107132,bangpowwww,False,Berlin,DE,False,False,False,soundcloud:system-playlists:artist-stations:2107132,artist-stations:2107132
2012-11-30T13:27:17Z,like,9,https://i1.sndcdn.com/artworks-000033794152-ng4shy-large.jpg,2012-11-08T15:13:15Z,8177982,2725734,playlist,2012-11-19T15:12:12Z,40,False,i-d-online-november-mixtape,https://soundcloud.com/i_d_magazine/sets/i-d-online-november-mixtape,True,5,,public,i-D Online: November Mixtape 2012,11,https://api.soundcloud.com/playlists/2725734,8338230,,False,,,2012-11-08T15:13:15Z,https://i1.sndcdn.com/avatars-000154764269-j6m6qs-large.jpg,,220081,,8338230,user,2020-11-18T17:41:01Z,,i_d_magazine,https://soundcloud.com/i_d_magazine,https://api.soundcloud.com/users/8338230,soundcloud:users:8338230,i-D,True,London,,False,False,True,soundcloud:system-playlists:artist-stations:8338230,artist-stations:8338230
2012-11-29T18:23:47Z,like,9,https://i1.sndcdn.com/artworks-000009743851-ekdo9j-large.jpg,2011-07-27T09:39:23Z,4410275,974751,playlist,2015-10-13T13:53:59Z,33,False,terry-callier-speak-your-peace,https://soundcloud.com/mrbongo/sets/terry-callier-speak-your-peace,True,4,,public,Terry Callier - Speak Your Peace,14,https://api.soundcloud.com/playlists/974751,261119,album,True,,2002-01-01T00:00:00Z,2011-07-27T09:39:23Z,https://i1.sndcdn.com/avatars-000210050143-a7st0b-large.jpg,Mr Bongo,47602,Mr Bongo,261119,user,2022-01-21T08:48:54Z,,mrbongo,https://soundcloud.com/mrbongo,https://api.soundcloud.com/users/261119,soundcloud:users:261119,Mr Bongo,True,Brighton,,False,True,True,soundcloud:system-playlists:artist-stations:261119,artist-stations:261119
2012-11-05T08:46:17Z,like,9,,2012-11-04T10:34:24Z,5319962,2705636,playlist,2012-11-05T23:28:05Z,4,False,nov-tunes-2012,https://soundcloud.com/benfawkes/sets/nov-tunes-2012,True,1,,public,Nov Tunes 2012,10,https://api.soundcloud.com/playlists/2705636,70505,,False,,,2012-11-04T10:34:24Z,https://i1.sndcdn.com/avatars-000496246986-t8v4v6-large.jpg,Ben,9933,Ben Fawkes,70505,user,2021-07-19T16:22:31Z,Fawkes,benfawkes,https://soundcloud.com/benfawkes,https://api.soundcloud.com/users/70505,soundcloud:users:70505,Ben Fawkes,False,Berlin,DE,False,True,False,soundcloud:system-playlists:artist-stations:70505,artist-stations:70505
2012-10-22T11:41:47Z,like,9,https://i1.sndcdn.com/artworks-000026519335-wxd1z0-large.jpg,2012-07-07T15:51:32Z,2819848,2200475,playlist,2015-10-13T14:10:00Z,114,False,peter-broderick-these-walls-of-mine,https://soundcloud.com/erasedtapes/sets/peter-broderick-these-walls-of-mine,True,18,,public,Peter Broderick â€“ These Walls Of Mine (SELECTED ALBUM TRACKS),5,https://api.soundcloud.com/playlists/2200475,188998,album,True,,2012-10-22T00:00:00Z,2012-07-07T15:51:32Z,https://i1.sndcdn.com/avatars-KKmRMA5n9OjpEZL7-D9zotw-large.jpg,Erased,101539,Erased Tapes,188998,user,2021-10-14T00:00:01Z,Tapes,erasedtapes,https://soundcloud.com/erasedtapes,https://api.soundcloud.com/users/188998,soundcloud:users:188998,Erased Tapes,True,London,GB,False,False,True,soundcloud:system-playlists:artist-stations:188998,artist-stations:188998
2012-10-22T09:15:58Z,like,9,https://i1.sndcdn.com/artworks-000036179387-v60r35-large.jpg,2012-10-22T08:36:43Z,10938358,2647081,playlist,2012-12-27T12:31:25Z,7,False,fav-reworks,https://soundcloud.com/natalie/sets/fav-reworks,True,1,,public,remixxx,25,https://api.soundcloud.com/playlists/2647081,4128493,,False,,,2012-10-22T08:36:43Z,https://i1.sndcdn.com/avatars-000375410483-ea3soc-large.jpg,,4078,,4128493,user,2020-04-01T18:15:01Z,,natalie,https://soundcloud.com/natalie,https://api.soundcloud.com/users/4128493,soundcloud:users:4128493,Natalie Jo,False,Austin & on the road,DE,False,False,False,soundcloud:system-playlists:artist-stations:4128493,artist-stations:4128493
2012-10-11T15:17:13Z,like,9,https://i1.sndcdn.com/artworks-000031174621-cbh35x-large.jpg,2012-09-28T14:09:56Z,3795643,2542200,playlist,2015-10-13T14:14:21Z,207,False,patrick-wolf-sundark-and,https://soundcloud.com/patrick-wolf/sets/patrick-wolf-sundark-and,True,28,,public,Sundark and Riverlight,16,https://api.soundcloud.com/playlists/2542200,2097681,album,True,,2012-10-15T00:00:00Z,2012-09-28T14:09:56Z,https://i1.sndcdn.com/avatars-000021985219-pf1r89-large.jpg,Patrick,4071,Patrick Wolf,2097681,user,2019-10-01T00:01:13Z,Wolf,patrick-wolf,https://soundcloud.com/patrick-wolf,https://api.soundcloud.com/users/2097681,soundcloud:users:2097681,Patrick Wolf,False,London,GB,False,False,False,soundcloud:system-playlists:artist-stations:2097681,artist-stations:2097681
2012-10-08T07:02:15Z,like,9,https://i1.sndcdn.com/artworks-000031766932-5ip3tv-large.jpg,2012-10-08T04:38:51Z,874619,2582703,playlist,2015-10-13T14:14:43Z,23,False,the-pains-of-being-pure-at-3,https://soundcloud.com/slumberland-records/sets/the-pains-of-being-pure-at-3,True,4,,public,The Pains of Being Pure At Heart - Higher Than The Stars EP sampler,3,https://api.soundcloud.com/playlists/2582703,351899,,False,,2009-09-22T00:00:00Z,2012-10-08T04:38:51Z,https://i1.sndcdn.com/avatars-000207858457-lv9ifi-large.jpg,,57993,,351899,user,2021-12-03T18:47:10Z,,slumberland-records,https://soundcloud.com/slumberland-records,https://api.soundcloud.com/users/351899,soundcloud:users:351899,Slumberland Records,True,Oakland,US,False,True,True,soundcloud:system-playlists:artist-stations:351899,artist-stations:351899
2012-10-02T13:27:38Z,like,9,https://i1.sndcdn.com/artworks-000031406540-9fzwf8-large.jpg,2012-10-01T08:45:51Z,3152759,2552321,playlist,2012-10-06T16:37:53Z,1,False,its-fall,https://soundcloud.com/julien-c/sets/its-fall,True,0,,public,Falltape,4,https://api.soundcloud.com/playlists/2552321,308291,,False,,,2012-10-01T08:45:51Z,https://i1.sndcdn.com/avatars-000002315321-2z3mh1-large.jpg,Julien,585,Julien,308291,user,2017-06-08T18:50:13Z,,julien-c,https://soundcloud.com/julien-c,https://api.soundcloud.com/users/308291,soundcloud:users:308291,julienC,False,Berlin//Lausanne,CH,False,False,False,soundcloud:system-playlists:artist-stations:308291,artist-stations:308291
2012-09-26T10:26:43Z,like,9,https://i1.sndcdn.com/artworks-000030554856-hnlady-large.jpg,2012-09-18T17:07:20Z,1044811,2499308,playlist,2015-10-13T14:13:47Z,143,False,beacon-for-now-ep,https://soundcloud.com/ghostly/sets/beacon-for-now-ep,True,17,,public,Beacon - For Now EP,5,https://api.soundcloud.com/playlists/2499308,251687,ep,True,,2012-10-02T00:00:00Z,2012-09-18T17:07:20Z,https://i1.sndcdn.com/avatars-000018823169-o5gt41-large.jpg,Ghostly,207962,Ghostly International,251687,user,2021-12-17T04:10:09Z,International,ghostly,https://soundcloud.com/ghostly,https://api.soundcloud.com/users/251687,soundcloud:users:251687,ghostly,True,Ann Arbor / NYC,US,False,True,True,soundcloud:system-playlists:artist-stations:251687,artist-stations:251687
2012-09-24T16:13:02Z,like,9,https://i1.sndcdn.com/artworks-000030911328-of8itp-large.jpg,2012-09-24T15:32:28Z,1177176,2524170,playlist,2012-12-14T04:28:15Z,7,False,efterklang-piramida,https://soundcloud.com/natalie/sets/efterklang-piramida,True,1,,public,"efterklang ""piramida""",4,https://api.soundcloud.com/playlists/2524170,4128493,,False,,,2012-09-24T15:32:28Z,https://i1.sndcdn.com/avatars-000375410483-ea3soc-large.jpg,,4078,,4128493,user,2020-04-01T18:15:01Z,,natalie,https://soundcloud.com/natalie,https://api.soundcloud.com/users/4128493,soundcloud:users:4128493,Natalie Jo,False,Austin & on the road,DE,False,False,False,soundcloud:system-playlists:artist-stations:4128493,artist-stations:4128493
2012-09-24T08:05:24Z,like,9,https://i1.sndcdn.com/artworks-000030668458-cfsibt-large.jpg,2012-09-20T12:36:55Z,1685022,2507550,playlist,2013-03-04T20:51:01Z,2971,False,nils-frahm-screws,https://soundcloud.com/erasedtapes/sets/nils-frahm-screws,True,525,,public,Nils Frahm - Screws,9,https://api.soundcloud.com/playlists/2507550,188998,album,True,,,2012-09-20T12:36:55Z,https://i1.sndcdn.com/avatars-KKmRMA5n9OjpEZL7-D9zotw-large.jpg,Erased,101539,Erased Tapes,188998,user,2021-10-14T00:00:01Z,Tapes,erasedtapes,https://soundcloud.com/erasedtapes,https://api.soundcloud.com/users/188998,soundcloud:users:188998,Erased Tapes,True,London,GB,False,False,True,soundcloud:system-playlists:artist-stations:188998,artist-stations:188998
2012-09-04T13:37:45Z,like,9,https://i1.sndcdn.com/artworks-000030268866-vck07l-large.jpg,2012-08-29T16:23:49Z,5861948,2415307,playlist,2012-12-20T18:43:32Z,4,False,packing-for-jpn,https://soundcloud.com/designatedave/sets/packing-for-jpn,True,1,,public,packing for jpn,13,https://api.soundcloud.com/playlists/2415307,106885,,False,,,2012-08-29T16:23:49Z,https://i1.sndcdn.com/avatars-000184371207-v11z1t-large.jpg,,315,,106885,user,2018-10-09T21:40:19Z,,designatedave,https://soundcloud.com/designatedave,https://api.soundcloud.com/users/106885,soundcloud:users:106885,DâˆƒSIGNATEDâˆ€VE,False,,US,False,False,False,soundcloud:system-playlists:artist-stations:106885,artist-stations:106885
2012-09-03T16:19:11Z,like,9,https://i1.sndcdn.com/artworks-000036919878-4iv3d5-large.jpg,2012-07-18T16:49:45Z,111136428,2244697,playlist,2013-01-22T02:29:18Z,161,False,hipster-shit,https://soundcloud.com/gregorynicholas/sets/hipster-shit,True,22,,public,hipster shit,82,https://api.soundcloud.com/playlists/2244697,807820,,False,,,2012-07-18T16:49:45Z,https://i1.sndcdn.com/avatars-000323603900-08u62f-large.jpg,gregory,1171,gregory nicholas,807820,user,2017-07-13T02:24:22Z,nicholas,gregorynicholas,https://soundcloud.com/gregorynicholas,https://api.soundcloud.com/users/807820,soundcloud:users:807820,gregory nicholas,False,los angeles,US,False,False,False,soundcloud:system-playlists:artist-stations:807820,artist-stations:807820
2012-08-28T19:37:23Z,like,9,https://i1.sndcdn.com/artworks-000005240145-ssa957-large.jpg,2011-02-10T16:03:20Z,2549362,575319,playlist,2015-10-13T13:48:24Z,24,False,mason-featuring-roisin-murphy,https://soundcloud.com/musicofmason/sets/mason-featuring-roisin-murphy,True,4,,public,Mason featuring Roisin Murphy - 'Boadicea',8,https://api.soundcloud.com/playlists/575319,5366,,False,,2011-03-07T00:00:00Z,2011-02-10T16:03:20Z,https://i1.sndcdn.com/avatars-000456555666-3y5qqh-large.jpg,,22583,,5366,user,2021-04-10T07:57:44Z,,musicofmason,https://soundcloud.com/musicofmason,https://api.soundcloud.com/users/5366,soundcloud:users:5366,Mason,True,Amsterdam,NL,False,True,True,soundcloud:system-playlists:artist-stations:5366,artist-stations:5366
2012-07-30T07:44:09Z,like,9,https://i1.sndcdn.com/artworks-000027433723-yrjrj4-large.jpg,2012-07-27T18:59:00Z,1924873,2281693,playlist,2012-07-27T19:29:53Z,2,False,tle-mixtape,https://soundcloud.com/tenderlovingempire/sets/tle-mixtape,True,1,,public,TLE Mix Tape 1,6,https://api.soundcloud.com/playlists/2281693,4525910,,False,,,2012-07-27T18:59:00Z,https://i1.sndcdn.com/avatars-000693723251-y7qhfx-large.jpg,Tender,3514,Tender Empire,4525910,user,2021-01-29T05:00:36Z,Empire,tenderlovingempire,https://soundcloud.com/tenderlovingempire,https://api.soundcloud.com/users/4525910,soundcloud:users:4525910,Tender Loving Empire,False,US,US,False,True,False,soundcloud:system-playlists:artist-stations:4525910,artist-stations:4525910
2012-07-27T11:51:47Z,like,9,https://i1.sndcdn.com/artworks-000027410711-iovc1z-large.jpg,2012-07-27T10:03:58Z,2773106,2279983,playlist,2012-07-27T10:35:03Z,4,False,july-2012,https://soundcloud.com/seaninsound/sets/july-2012,True,0,,public,July 2012,8,https://api.soundcloud.com/playlists/2279983,11789,compilation,True,,,2012-07-27T10:03:58Z,https://i1.sndcdn.com/avatars-000130248995-jctgee-large.jpg,Sean,5416,Sean Adams,11789,user,2018-06-17T15:46:40Z,Adams,seaninsound,https://soundcloud.com/seaninsound,https://api.soundcloud.com/users/11789,soundcloud:users:11789,seaninsound,False,London,GB,False,True,False,soundcloud:system-playlists:artist-stations:11789,artist-stations:11789
2012-06-11T09:55:59Z,like,9,https://i1.sndcdn.com/artworks-000024746416-y1fatq-large.jpg,2012-06-08T20:47:38Z,10960191,2089652,playlist,2012-06-09T02:15:21Z,12,False,sl-md-nke,https://soundcloud.com/jstnw/sets/sl-md-nke,True,1,,public,sl@mdÃ¼nke,26,https://api.soundcloud.com/playlists/2089652,2879548,,False,,,2012-06-08T20:47:38Z,https://i1.sndcdn.com/avatars-000006763043-urg7lt-large.jpg,Justin,1294,Justin Street,2879548,user,2018-09-24T17:45:02Z,Street,jstnw,https://soundcloud.com/jstnw,https://api.soundcloud.com/users/2879548,soundcloud:users:2879548,jstreet,False,San Francisco,US,False,False,False,soundcloud:system-playlists:artist-stations:2879548,artist-stations:2879548
2012-05-31T07:28:12Z,like,9,https://i1.sndcdn.com/artworks-000024164640-5q0qzi-large.jpg,2012-05-29T21:14:03Z,3020604,2048133,playlist,2015-10-13T14:08:10Z,96,False,pampacd006-dntel-aimlessness,https://soundcloud.com/pamparecords/sets/pampacd006-dntel-aimlessness,True,9,,public,PAMPACD006 - Dntel - Aimlessness,12,https://api.soundcloud.com/playlists/2048133,565319,album,True,,2012-05-30T00:00:00Z,2012-05-29T21:14:03Z,https://i1.sndcdn.com/avatars-9h4oiWgEozFXgw77-ddJ4Mg-large.jpg,,128781,,565319,user,2022-01-31T16:00:32Z,,pamparecords,https://soundcloud.com/pamparecords,https://api.soundcloud.com/users/565319,soundcloud:users:565319,Pampa Records,True,Hamburg,DE,False,True,True,soundcloud:system-playlists:artist-stations:565319,artist-stations:565319
2012-05-30T11:49:14Z,like,9,https://i1.sndcdn.com/artworks-000024196741-jielb4-large.jpg,2012-05-30T11:25:59Z,2553495,2050462,playlist,2016-05-23T10:19:02Z,334,False,ecclesia-inspiration,https://soundcloud.com/forss/sets/ecclesia-inspiration,True,62,,public,Ecclesia Inspiration,4,https://api.soundcloud.com/playlists/2050462,183,,False,,,2012-05-30T11:25:59Z,https://i1.sndcdn.com/avatars-000012778523-59quu3-large.jpg,Eric,133578,Eric Wahlforss,183,user,2020-12-16T21:40:33Z,Wahlforss,forss,https://soundcloud.com/forss,https://api.soundcloud.com/users/183,soundcloud:users:183,Forss,True,Berlin,DE,False,False,True,soundcloud:system-playlists:artist-stations:183,artist-stations:183
2012-05-09T22:08:08Z,like,9,https://i1.sndcdn.com/artworks-000023070724-40wiyq-large.jpg,2012-05-09T21:46:30Z,689551,1969104,playlist,2012-05-10T14:07:43Z,7,False,tetris,https://soundcloud.com/robb/sets/tetris,True,5,,public,Tetris,4,https://api.soundcloud.com/playlists/1969104,57318,,False,,,2012-05-09T21:46:30Z,https://i1.sndcdn.com/avatars-3V6watVTTHJM2BBV-yCw32g-large.jpg,Robb,702,Robb,57318,user,2020-05-30T21:47:23Z,,robb,https://soundcloud.com/robb,https://api.soundcloud.com/users/57318,soundcloud:users:57318,robb,False,ãƒ¾(ï¼ âŒ’ãƒ¼âŒ’ï¼ )ãƒŽâ€®,DE,False,True,False,soundcloud:system-playlists:artist-stations:57318,artist-stations:57318
2012-04-20T10:44:19Z,like,9,https://i1.sndcdn.com/artworks-000021815835-r1h490-large.jpg,2012-04-17T18:47:39Z,946329,1878220,playlist,2012-04-19T19:34:05Z,4,False,new-build-medication-pill-usb,https://soundcloud.com/newbuild/sets/new-build-medication-pill-usb,True,0,,public,New Build - Medication Pill USB EP (Sampler),3,https://api.soundcloud.com/playlists/1878220,5455079,ep,True,,,2012-04-17T18:47:39Z,https://i1.sndcdn.com/avatars-000096816259-kx361s-large.jpg,New,2570,New Build,5455079,user,2016-02-12T14:30:58Z,Build,newbuild,https://soundcloud.com/newbuild,https://api.soundcloud.com/users/5455079,soundcloud:users:5455079,newbuild,False,London,,False,False,False,soundcloud:system-playlists:artist-stations:5455079,artist-stations:5455079
2012-04-19T07:39:19Z,like,9,https://i1.sndcdn.com/artworks-000000569938-8awfds-large.jpg,2009-09-15T14:47:03Z,3383111,37173,playlist,2015-10-13T13:39:52Z,3441,False,fever-ray,https://soundcloud.com/fever-ray/sets/fever-ray,True,523,,public,Fever Ray,12,https://api.soundcloud.com/playlists/37173,132582,album,True,,2009-03-30T00:00:00Z,2009-09-15T14:47:03Z,https://i1.sndcdn.com/avatars-NLMQelFw31nD1RDK-TpnFuw-large.jpg,Fever,114995,Fever Ray,132582,user,2020-11-19T16:07:59Z,Ray,fever-ray,https://soundcloud.com/fever-ray,https://api.soundcloud.com/users/132582,soundcloud:users:132582,Fever Ray,True,Stockholm,SE,False,True,True,soundcloud:system-playlists:artist-stations:132582,artist-stations:132582
2012-04-10T12:16:21Z,like,9,https://i1.sndcdn.com/artworks-000020931767-v4356a-large.jpg,2012-04-02T04:28:00Z,5505483,1814315,playlist,2012-04-03T05:21:40Z,29,False,doug-aitken-sleepwalkers,https://soundcloud.com/dfa-records/sets/doug-aitken-sleepwalkers,True,5,,public,Doug Aitken - Sleepwalkers Launch Party - April 1 2012 @ MoMA PS1,14,https://api.soundcloud.com/playlists/1814315,1520490,compilation,True,,,2012-04-02T04:28:00Z,https://i1.sndcdn.com/avatars-5QI5f3gQitXN9QE8-pxHDtw-large.jpg,,4940910,,1520490,user,2020-11-19T16:20:19Z,,dfa-records,https://soundcloud.com/dfa-records,https://api.soundcloud.com/users/1520490,soundcloud:users:1520490,DFA Records,True,New York,US,False,True,True,soundcloud:system-playlists:artist-stations:1520490,artist-stations:1520490
2012-04-02T21:07:05Z,like,9,https://i1.sndcdn.com/artworks-000016968904-lz6suy-large.jpg,2012-01-07T00:47:48Z,3412302,1473687,playlist,2012-01-18T17:55:31Z,97,False,listen-to-xiu-xiu,https://soundcloud.com/xiu-xiu-music/sets/listen-to-xiu-xiu,True,9,,public,Listen to Xiu Xiu!,15,https://api.soundcloud.com/playlists/1473687,9983223,,False,,,2012-01-07T00:47:48Z,https://i1.sndcdn.com/avatars-000008320228-gl90kw-large.jpg,Jamie,8897,Jamie Stewart,9983223,user,2020-12-01T07:06:53Z,Stewart,xiu-xiu-music,https://soundcloud.com/xiu-xiu-music,https://api.soundcloud.com/users/9983223,soundcloud:users:9983223,Xiu Xiu,True,"Durham, NC",US,False,False,True,soundcloud:system-playlists:artist-stations:9983223,artist-stations:9983223
2012-03-20T12:32:52Z,like,9,https://i1.sndcdn.com/artworks-000067273270-uinyvw-large.jpg,2008-04-30T01:21:15Z,3247119,18,playlist,2021-07-21T10:53:42Z,1545,False,soulhack,https://soundcloud.com/forss/sets/soulhack,True,261,,public,Soulhack,11,https://api.soundcloud.com/playlists/18,183,album,True,,2003-06-02T00:00:00Z,2008-04-30T01:21:15Z,https://i1.sndcdn.com/avatars-000012778523-59quu3-large.jpg,Eric,133578,Eric Wahlforss,183,user,2020-12-16T21:40:33Z,Wahlforss,forss,https://soundcloud.com/forss,https://api.soundcloud.com/users/183,soundcloud:users:183,Forss,True,Berlin,DE,False,False,True,soundcloud:system-playlists:artist-stations:183,artist-stations:183
2020-05-08T17:30:52Z,like,10,https://i1.sndcdn.com/artworks-ElbqTjKySw92OAvm-y4kkPQ-large.jpg,2020-03-31T12:21:11Z,1444468,1022542477,playlist,2020-05-27T07:35:56Z,206,False,per-hammar-pathfinder-lp-3-x-12-vinyl-out-may-2020,https://soundcloud.com/dirtyhandsrec/sets/per-hammar-pathfinder-lp-3-x-12-vinyl-out-may-2020,True,23,,public,"Per Hammar - Pathfinder LP (3 x 12"" vinyl)",12,https://api.soundcloud.com/playlists/1022542477,92534697,album,True,2020-04-14T08:37:53Z,2020-05-01T00:00:00Z,2020-04-14T08:37:53Z,https://i1.sndcdn.com/avatars-000311725829-6udzhj-large.jpg,Dirty,2049,Dirty Hands,92534697,user,2021-11-05T10:53:10Z,Hands,dirtyhandsrec,https://soundcloud.com/dirtyhandsrec,https://api.soundcloud.com/users/92534697,soundcloud:users:92534697,Dirty Hands,False,Berlin/MalmÃ¶,DE,False,True,False,soundcloud:system-playlists:artist-stations:92534697,artist-stations:92534697
2013-09-16T12:48:06Z,like,10,,2013-09-13T16:06:00Z,1024363,10350400,playlist,2013-09-13T16:08:40Z,7416,False,london,https://soundcloud.com/banksbanksbanks/sets/london,True,2347,,public,LONDON,4,https://api.soundcloud.com/playlists/10350400,22672179,ep,True,,,2013-09-13T16:06:00Z,https://i1.sndcdn.com/avatars-qBnjcycMSk7VL2YC-jFyojg-large.jpg,BANKS,1016625,BANKS,22672179,user,2021-08-25T04:13:02Z,,banksbanksbanks,https://soundcloud.com/banksbanksbanks,https://api.soundcloud.com/users/22672179,soundcloud:users:22672179,BANKS.,True,L.A.,US,False,True,True,soundcloud:system-playlists:artist-stations:22672179,artist-stations:22672179
2013-02-22T20:29:09Z,like,10,https://i1.sndcdn.com/artworks-000030668458-cfsibt-large.jpg,2012-09-20T12:36:55Z,1685022,2507550,playlist,2013-03-04T20:51:01Z,2971,False,nils-frahm-screws,https://soundcloud.com/erasedtapes/sets/nils-frahm-screws,True,525,,public,Nils Frahm - Screws,9,https://api.soundcloud.com/playlists/2507550,188998,album,True,,,2012-09-20T12:36:55Z,https://i1.sndcdn.com/avatars-KKmRMA5n9OjpEZL7-D9zotw-large.jpg,Erased,101539,Erased Tapes,188998,user,2021-10-14T00:00:01Z,Tapes,erasedtapes,https://soundcloud.com/erasedtapes,https://api.soundcloud.com/users/188998,soundcloud:users:188998,Erased Tapes,True,London,GB,False,False,True,soundcloud:system-playlists:artist-stations:188998,artist-stations:188998
2016-04-29T16:57:59Z,like,11,https://i1.sndcdn.com/artworks-000048345184-hlr909-large.jpg,2013-05-18T02:13:02Z,0,5796668,playlist,2019-01-20T15:56:05Z,73,False,helios,https://soundcloud.com/unseenmusic/sets/helios,True,14,,public,Helios,0,https://api.soundcloud.com/playlists/5796668,2101843,,False,,,2013-05-18T02:13:02Z,https://i1.sndcdn.com/avatars-HbEr3ZkXMtLlAXEv-NNXqRg-large.jpg,Keith ,11305,Keith  Kenniff,2101843,user,2020-09-05T11:48:59Z,Kenniff,unseenmusic,https://soundcloud.com/unseenmusic,https://api.soundcloud.com/users/2101843,soundcloud:users:2101843,Unseen,False,Music library for film and TV,,False,True,False,soundcloud:system-playlists:artist-stations:2101843,artist-stations:2101843
2016-04-14T15:03:13Z,like,11,,2015-06-22T22:42:34Z,1450397,118911509,playlist,2015-06-22T22:42:35Z,613,False,radio-koko-out-june-23-on,https://soundcloud.com/kornel/sets/radio-koko-out-june-23-on,True,90,,public,Radio Koko (out June 23 on Numbers),4,https://api.soundcloud.com/playlists/118911509,356,,False,,,2015-06-22T22:42:34Z,https://i1.sndcdn.com/avatars-000582018789-khv2f3-large.jpg,KornÃ©l,35659,KornÃ©l KovÃ¡cs,356,user,2020-11-22T13:33:27Z,KovÃ¡cs,kornel,https://soundcloud.com/kornel,https://api.soundcloud.com/users/356,soundcloud:users:356,KornÃ©l KovÃ¡cs,True,Stockholm,SE,False,True,True,soundcloud:system-playlists:artist-stations:356,artist-stations:356
2016-01-04T09:40:33Z,like,11,https://i1.sndcdn.com/artworks-000188253624-ztjlt4-large.jpg,2014-08-30T09:17:32Z,6406562,48881083,playlist,2020-11-30T07:22:11Z,831,False,rival-consoles,https://soundcloud.com/rivalconsoles/sets/rival-consoles,True,148,,public,RIVAL CONSOLES - selected works,21,https://api.soundcloud.com/playlists/48881083,362940,,False,,,2014-08-30T09:17:32Z,https://i1.sndcdn.com/avatars-sX6R9N7Sea7Wz8hT-R47UMg-large.jpg,Ryan,26879,Ryan West,362940,user,2021-06-29T11:22:58Z,West,rivalconsoles,https://soundcloud.com/rivalconsoles,https://api.soundcloud.com/users/362940,soundcloud:users:362940,Rival Consoles,True,London,,False,False,True,soundcloud:system-playlists:artist-stations:362940,artist-stations:362940
2016-01-04T09:40:09Z,like,11,https://i1.sndcdn.com/artworks-000131307635-oc96w1-large.jpg,2015-10-01T13:32:13Z,306225,150465414,playlist,2015-10-01T13:40:44Z,551,False,howl-recordings,https://soundcloud.com/rivalconsoles/sets/howl-recordings,True,83,,public,Howl - Recordings,9,https://api.soundcloud.com/playlists/150465414,362940,,False,,,2015-10-01T13:32:13Z,https://i1.sndcdn.com/avatars-sX6R9N7Sea7Wz8hT-R47UMg-large.jpg,Ryan,26879,Ryan West,362940,user,2021-06-29T11:22:58Z,West,rivalconsoles,https://soundcloud.com/rivalconsoles,https://api.soundcloud.com/users/362940,soundcloud:users:362940,Rival Consoles,True,London,,False,False,True,soundcloud:system-playlists:artist-stations:362940,artist-stations:362940
2014-04-28T07:56:52Z,like,11,,2014-04-26T13:54:24Z,6350750,32204960,playlist,2014-04-26T13:54:25Z,33,False,mapei,https://soundcloud.com/charlotte-tregelles/sets/mapei,True,7,,public,Mapei,23,https://api.soundcloud.com/playlists/32204960,91033664,,False,,,2014-04-26T13:54:24Z,https://i1.sndcdn.com/avatars-000079796151-5p1rp6-large.jpg,Charlotte,5,Charlotte Tregelles,91033664,user,2015-08-25T16:02:54Z,Tregelles,charlotte-tregelles,https://soundcloud.com/charlotte-tregelles,https://api.soundcloud.com/users/91033664,soundcloud:users:91033664,Charlotte Tregelles,False,,,False,False,False,soundcloud:system-playlists:artist-stations:91033664,artist-stations:91033664
2014-02-08T11:40:21Z,like,11,,2012-11-29T15:10:36Z,820708,2833892,playlist,2013-10-30T13:35:14Z,2412,False,recomposed-by-max-richter,https://soundcloud.com/max-richter/sets/recomposed-by-max-richter,True,460,,public,Recomposed by Max Richter Vivaldi The Four Seasons,4,https://api.soundcloud.com/playlists/2833892,511721,album,True,,,2012-11-29T15:10:36Z,https://i1.sndcdn.com/avatars-000088948643-8cbey8-large.jpg,Max,75817,Max Richter,511721,user,2021-09-08T11:05:00Z,Richter,max-richter,https://soundcloud.com/max-richter,https://api.soundcloud.com/users/511721,soundcloud:users:511721,max richter,True,Berlin,DE,False,True,True,soundcloud:system-playlists:artist-stations:511721,artist-stations:511721
2013-10-23T16:00:21Z,like,11,https://i1.sndcdn.com/artworks-000060619761-6rqmgc-large.jpg,2013-10-20T20:14:16Z,8629205,12687074,playlist,2013-10-20T20:17:13Z,2787,False,screws-reworked-collection,https://soundcloud.com/nils_frahm/sets/screws-reworked-collection,True,501,,public,Nils Frahm- Screws Reworked Collection,28,https://api.soundcloud.com/playlists/12687074,9701996,,False,,,2013-10-20T20:14:16Z,https://i1.sndcdn.com/avatars-hZ0CLDJmyDGNnYQy-LFqcmQ-large.jpg,nils,2015867,nils frahm,9701996,user,2021-11-04T09:08:24Z,frahm,nils_frahm,https://soundcloud.com/nils_frahm,https://api.soundcloud.com/users/9701996,soundcloud:users:9701996,Nils Frahm,True,Berlin,,False,False,True,soundcloud:system-playlists:artist-stations:9701996,artist-stations:9701996
2019-06-21T18:39:09Z,like,16,https://i1.sndcdn.com/artworks-000555549588-o8naf4-large.jpg,2019-06-21T10:52:55Z,8112337,808825467,playlist,2019-06-21T11:00:28Z,3253,False,al027-various-artists-realm-of-consciousness-pt-iv,https://soundcloud.com/afterlifeofc/sets/al027-various-artists-realm-of-consciousness-pt-iv,True,679,,public,AL027 - Various Artists - Realm Of Consciousness Pt. IV,20,https://api.soundcloud.com/playlists/808825467,213456966,,False,2019-06-21T10:52:55Z,2019-06-21T00:00:00Z,2019-06-21T10:52:55Z,https://i1.sndcdn.com/avatars-NKjmygGxkLCVpM9d-AgqyNw-large.jpg,,143964,,213456966,user,2022-02-04T11:56:01Z,,afterlifeofc,https://soundcloud.com/afterlifeofc,https://api.soundcloud.com/users/213456966,soundcloud:users:213456966,Afterlife,False,,,False,True,False,soundcloud:system-playlists:artist-stations:213456966,artist-stations:213456966
2017-05-26T19:25:07Z,like,16,https://i1.sndcdn.com/artworks-000195892110-qd61fm-large.jpg,2016-11-10T14:01:38Z,140954140,274413918,playlist,2021-12-13T13:51:47Z,4629,False,afterlife-voyage,https://soundcloud.com/afterlifeofc/sets/afterlife-voyage,True,658,,public,Afterlife Voyage,25,https://api.soundcloud.com/playlists/274413918,213456966,,False,2016-11-29T15:02:46Z,,2016-11-29T15:02:46Z,https://i1.sndcdn.com/avatars-NKjmygGxkLCVpM9d-AgqyNw-large.jpg,,143964,,213456966,user,2022-02-04T11:56:01Z,,afterlifeofc,https://soundcloud.com/afterlifeofc,https://api.soundcloud.com/users/213456966,soundcloud:users:213456966,Afterlife,False,,,False,True,False,soundcloud:system-playlists:artist-stations:213456966,artist-stations:213456966
2015-03-05T23:07:24Z,like,16,,2015-02-20T13:13:07Z,1238920,82698653,playlist,2015-02-21T00:20:38Z,123,False,the-welderz-acid-chord-incl,https://soundcloud.com/flash-recordings/sets/the-welderz-acid-chord-incl,True,25,,public,The Welderz - Acid & Chord (Incl. alex Bau Remix) FLASH Recordings,3,https://api.soundcloud.com/playlists/82698653,18879,ep,True,,,2015-02-20T13:13:07Z,https://i1.sndcdn.com/avatars-000184974973-jz7siq-large.jpg,FLASH Recordings,22455,FLASH Recordings (Berlin),18879,user,2022-02-12T19:58:20Z,(Berlin),flash-recordings,https://soundcloud.com/flash-recordings,https://api.soundcloud.com/users/18879,soundcloud:users:18879,FLASH Recordings (Berlin),True,Berlin,DE,False,True,True,soundcloud:system-playlists:artist-stations:18879,artist-stations:18879
2015-01-21T01:59:36Z,like,16,https://i1.sndcdn.com/artworks-000049571075-j6xo28-large.jpg,2013-05-27T22:51:30Z,25966498,6113206,playlist,2018-12-27T14:27:38Z,4165,False,music-on-closing-28-09-12-live,https://soundcloud.com/marcocarola/sets/music-on-closing-28-09-12-live,True,711,,public,Marco Carola - Music On Closing 28:09:12 Live at Amnesia Ibiza,5,https://api.soundcloud.com/playlists/6113206,566821,,False,,,2013-05-27T22:51:30Z,https://i1.sndcdn.com/avatars-000486004404-3aewrl-large.jpg,Marco,290847,Marco Carola (Official),566821,user,2021-04-23T17:32:15Z,Carola (Official),marcocarola,https://soundcloud.com/marcocarola,https://api.soundcloud.com/users/566821,soundcloud:users:566821,Marco Carola,True,Naples,IT,False,True,True,soundcloud:system-playlists:artist-stations:566821,artist-stations:566821
2013-07-23T10:30:14Z,like,16,https://i1.sndcdn.com/artworks-000052000653-a90ir9-large.jpg,2013-07-02T13:53:11Z,360312,7360822,playlist,2013-07-02T16:00:33Z,331,False,claes-rosen-daydreaming,https://soundcloud.com/localtalk/sets/claes-rosen-daydreaming,True,57,,public,Claes Rosen - Daydreaming / Wonderful (12'' - LT035 - 2013),2,https://api.soundcloud.com/playlists/7360822,4426115,ep,True,,,2013-07-02T13:53:11Z,https://i1.sndcdn.com/avatars-000003729727-aschdq-large.jpg,Local,48197,Local Talk,4426115,user,2021-10-19T07:39:21Z,Talk,localtalk,https://soundcloud.com/localtalk,https://api.soundcloud.com/users/4426115,soundcloud:users:4426115,Local Talk,True,Stockholm,SE,False,True,True,soundcloud:system-playlists:artist-stations:4426115,artist-stations:4426115
2021-10-09T20:54:17Z,like,17,https://i1.sndcdn.com/artworks-fF4bCunjln0aAiHW-2y98sQ-large.jpg,2021-09-29T08:02:51Z,496875,1323579154,playlist,2021-09-29T08:02:53Z,78,False,thomas-schumacher-interlinkedmoxie,https://soundcloud.com/electric-ballroom/sets/thomas-schumacher-interlinkedmoxie,True,13,,public,Thomas Schumacher - Interlinked/Moxie,2,https://api.soundcloud.com/playlists/1323579154,18178313,single,True,2021-09-29T08:02:51Z,2021-11-05T00:00:00Z,2021-09-29T08:02:51Z,https://i1.sndcdn.com/avatars-UJ37tyuD990J4vnh-TS9OYA-large.jpg,Record,10287,Record Label,18178313,user,2021-04-30T09:33:41Z,Label,electric-ballroom,https://soundcloud.com/electric-ballroom,https://api.soundcloud.com/users/18178313,soundcloud:users:18178313,Electric-Ballroom,False,Berlin,DE,False,False,False,soundcloud:system-playlists:artist-stations:18178313,artist-stations:18178313
2021-06-10T21:06:29Z,like,17,https://i1.sndcdn.com/artworks-FzLJW86qAJ6BZlza-v4JhQQ-large.jpg,2021-05-28T08:33:22Z,746658,1263778057,playlist,2021-05-28T08:33:25Z,218,False,layton-giordani-hyper-world-drumcode-dc243,https://soundcloud.com/drumcode/sets/layton-giordani-hyper-world-drumcode-dc243,True,58,,public,Layton Giordani - Hyper World - Drumcode - DC243,2,https://api.soundcloud.com/playlists/1263778057,182049,single,True,2021-05-28T08:33:22Z,2021-05-28T00:00:00Z,2021-05-28T08:33:22Z,https://i1.sndcdn.com/avatars-YONbIGNcUsd7DYo4-MuTz7g-large.jpg,,277242,,182049,user,2022-02-11T10:51:02Z,,drumcode,https://soundcloud.com/drumcode,https://api.soundcloud.com/users/182049,soundcloud:users:182049,Drumcode,True,Stockholm,SE,False,True,True,soundcloud:system-playlists:artist-stations:182049,artist-stations:182049
2020-04-26T22:32:15Z,like,17,,2020-04-25T19:25:52Z,15278445,1039749508,playlist,2020-04-25T19:27:37Z,1,False,mixar,https://soundcloud.com/martinberge/sets/mixar,True,0,,public,mixar,2,https://api.soundcloud.com/playlists/1039749508,309,,False,2020-04-25T19:25:52Z,,2020-04-25T19:25:52Z,https://i1.sndcdn.com/avatars-000023607769-5kcp3u-large.jpg,,254,,309,user,2017-03-03T09:31:39Z,,martinberge,https://soundcloud.com/martinberge,https://api.soundcloud.com/users/309,soundcloud:users:309,martin berge,False,MalmÃ¶,SE,False,False,False,soundcloud:system-playlists:artist-stations:309,artist-stations:309
2018-07-18T05:00:03Z,like,17,https://i1.sndcdn.com/artworks-000372382809-n79r53-large.jpg,2018-07-11T13:59:56Z,8834917,559238820,playlist,2021-06-29T21:21:19Z,51,False,bis946,https://soundcloud.com/timsweeney/sets/bis946,True,5,,public,BIS Radio Show #946 with TML and Nathan Micay (Bwana),2,https://api.soundcloud.com/playlists/559238820,215812,,False,2018-07-11T14:06:16Z,2018-07-08T00:00:00Z,2018-07-11T14:06:16Z,https://i1.sndcdn.com/avatars-000570469887-vw47v6-large.jpg,Tim,104051,Tim Sweeney,215812,user,2022-01-03T13:26:38Z,Sweeney,timsweeney,https://soundcloud.com/timsweeney,https://api.soundcloud.com/users/215812,soundcloud:users:215812,Beats In Space,True,New York,US,False,True,True,soundcloud:system-playlists:artist-stations:215812,artist-stations:215812
2016-04-11T16:18:24Z,like,17,,2016-03-31T00:02:05Z,3968290,211070305,playlist,2016-03-31T19:23:26Z,53,False,kj-koln-concert-1,https://soundcloud.com/alex/sets/kj-koln-concert-1,True,6,,public,Koln Concert - Keith Jarrett,4,https://api.soundcloud.com/playlists/211070305,8,,False,,,2016-03-31T00:02:05Z,https://i1.sndcdn.com/avatars-000208970259-vngd3i-large.jpg,Alexander,180132,Alexander Ljung,8,user,2020-10-20T14:38:52Z,Ljung,alex,https://soundcloud.com/alex,https://api.soundcloud.com/users/8,soundcloud:users:8,ðŸ”¥ð”žð”©ð”¢ð”µ ðŸ”¥,False,Berlin/NYC,DE,False,True,False,soundcloud:system-playlists:artist-stations:8,artist-stations:8
2012-05-22T11:54:00Z,like,17,https://i1.sndcdn.com/artworks-000022150973-vi7u29-large.jpg,2012-04-23T18:56:08Z,923570,1902668,playlist,2015-10-13T14:06:20Z,49,False,shit-robot-the-green-machine,https://soundcloud.com/dfa-records/sets/shit-robot-the-green-machine,True,4,,public,Shit Robot - The Green Machine Part I (Space Race / Teenage Bass),2,https://api.soundcloud.com/playlists/1902668,1520490,,False,,2012-05-22T00:00:00Z,2012-04-23T18:56:08Z,https://i1.sndcdn.com/avatars-5QI5f3gQitXN9QE8-pxHDtw-large.jpg,,4940910,,1520490,user,2020-11-19T16:20:19Z,,dfa-records,https://soundcloud.com/dfa-records,https://api.soundcloud.com/users/1520490,soundcloud:users:1520490,DFA Records,True,New York,US,False,True,True,soundcloud:system-playlists:artist-stations:1520490,artist-stations:1520490
2021-08-25T23:32:07Z,like,20,https://i1.sndcdn.com/artworks-000087684123-sflfjo-large.jpg,2014-08-10T18:15:29Z,3361192,46493273,playlist,2014-08-10T18:15:30Z,169,False,mc-solaar-prose-combat,https://soundcloud.com/samuel-41/sets/mc-solaar-prose-combat,True,20,,public,Mc Solaar - Prose Combat,0,https://api.soundcloud.com/playlists/46493273,18828540,,False,,,2014-08-10T18:15:29Z,https://i1.sndcdn.com/avatars-000017106397-q4l7pq-large.jpg,Samuel,93,Samuel Hounkpe,18828540,user,2017-03-21T08:15:01Z,Hounkpe,samuel-41,https://soundcloud.com/samuel-41,https://api.soundcloud.com/users/18828540,soundcloud:users:18828540,Samuel Hounkpe,False,Pays de la Loire,FR,False,False,False,soundcloud:system-playlists:artist-stations:18828540,artist-stations:18828540
2014-12-01T09:56:54Z,like,20,https://i1.sndcdn.com/artworks-000093313369-h0q31d-large.jpg,2014-09-22T07:34:13Z,2301571,51966146,playlist,2015-10-13T15:00:09Z,10,False,ainara-album-release,https://soundcloud.com/compagnie-3db/sets/ainara-album-release,True,1,,public,AINARA - TRIO D'EN BAS & KEJ - ALBUM RELEASE 2014,6,https://api.soundcloud.com/playlists/51966146,26662558,album,True,,2014-10-15T00:00:00Z,2014-09-22T07:34:13Z,https://i1.sndcdn.com/avatars-000118755074-vsdu7h-large.jpg,COMPAGNIE,310,COMPAGNIE 3DB,26662558,user,2016-01-31T18:30:06Z,3DB,compagnie-3db,https://soundcloud.com/compagnie-3db,https://api.soundcloud.com/users/26662558,soundcloud:users:26662558,COMPAGNIE 3DB,False,Carcassonne,FR,False,False,False,soundcloud:system-playlists:artist-stations:26662558,artist-stations:26662558
