artwork_url,caption,commentable,comment_count,created_at,description,downloadable,download_count,duration,full_duration,embeddable_by,genre,has_downloads_left,id,kind,label_name,last_modified,license,likes_count,permalink,permalink_url,playback_count,public,purchase_title,purchase_url,release_date,reposts_count,secret_token,sharing,state,streamable,tag_list,title,track_format,uri,urn,user_id,visuals,waveform_url,display_date,station_urn,station_permalink,track_authorization,monetization_model,policy,userid,publisher_metadata.id,publisher_metadata.urn,media.transcodings,user.avatar_url,user.first_name,user.followers_count,user.full_name,user.id,user.kind,user.last_modified,user.last_name,user.permalink,user.permalink_url,user.uri,user.urn,user.username,user.verified,user.city,user.country_code,user.badges.pro,user.badges.pro_unlimited,user.badges.verified,user.station_urn,user.station_permalink,publisher_metadata.artist,publisher_metadata.album_title,publisher_metadata.contains_music,publisher_metadata.upc_or_ean,publisher_metadata.isrc,publisher_metadata.explicit,publisher_metadata.p_line,publisher_metadata.p_line_for_display,publisher_metadata.c_line,publisher_metadata.c_line_for_display,publisher_metadata.release_title,publisher_metadata
https://i1.sndcdn.com/artworks-000233246513-ayq843-large.jpg,,True,2,2017-07-12T10:00:48Z,"This is set 2 from our Ibiza pool party, deeper, longer, with unfortunately a bit to much reverb...  Recorded with my loves, family and best friends for one special special day in Ibiza. Forgive my friends playing with my knobs haha and my fuck ups, 10 hour sets do that...",False,0,7162245,7162245,all,Deep House,False,332844424,track,,2017-07-12T10:03:19Z,all-rights-reserved,99,10-hourse-by-an-ibiza-pool-2,https://soundcloud.com/sammathews/10-hourse-by-an-ibiza-pool-2,3051,True,,,,6,,public,finished,True,"""Pool House and Disco""",10 hours by an Ibiza pool - #2,single-track,https://api.soundcloud.com/tracks/332844424,soundcloud:tracks:332844424,867,,https://wave.sndcdn.com/qSzzl8zrCr7M_m.json,2017-07-12T10:00:48Z,soundcloud:system-playlists:track-stations:332844424,track-stations:332844424,eyJ0eXAiOiJKV1QiLCJhbGciOiJIUzI1NiJ9.eyJnZW8iOiJWTiIsInN1YiI6IiIsInJpZCI6IjFiMWRiODE0LTI0ZTUtNDVhMC04ODdjLTIzZTQ4OGYyM2NlZCIsImlhdCI6MTY0NTE1OTA4MH0.gheYHH0_o73qoOrlJrsvDY3rG_1Mb4IHIfSRiISU62g,NOT_APPLICABLE,ALLOW,867,332844424.0,soundcloud:tracks:332844424,"[{'url': 'https://api-v2.soundcloud.com/media/soundcloud:tracks:332844424/90c93c6f-f2ea-4459-983e-a8b80db33b8c/stream/hls', 'preset': 'mp3_0_0', 'duration': 7162245, 'snipped': False, 'format': {'protocol': 'hls', 'mime_type': 'audio/mpeg'}, 'quality': 'sq'}, {'url': 'https://api-v2.soundcloud.com/media/soundcloud:tracks:332844424/90c93c6f-f2ea-4459-983e-a8b80db33b8c/stream/progressive', 'preset': 'mp3_0_0', 'duration': 7162245, 'snipped': False, 'format': {'protocol': 'progressive', 'mime_type': 'audio/mpeg'}, 'quality': 'sq'}, {'url': 'https://api-v2.soundcloud.com/media/soundcloud:tracks:332844424/dbe3302e-171a-49c9-b0bb-9721e74d52f2/stream/hls', 'preset': 'opus_0_0', 'duration': 7162245, 'snipped': False, 'format': {'protocol': 'hls', 'mime_type': 'audio/ogg; codecs=""opus""'}, 'quality': 'sq'}]",https://i1.sndcdn.com/avatars-000146917517-nr1sqz-large.jpg,Sam,1260,Sam Mathews,867,user,2018-07-24T10:12:03Z,Mathews,sammathews,https://soundcloud.com/sammathews,https://api.soundcloud.com/users/867,soundcloud:users:867,Samantics,False,LONDON,,False,False,False,soundcloud:system-playlists:artist-stations:867,artist-stations:867,,,,,,,,,,,,
https://i1.sndcdn.com/artworks-000233064048-d126ge-large.jpg,,True,0,2017-07-11T12:54:29Z,"With my loves, family and best friends for one special special day in ibiza.  Forgive my friends playing with my knobs haha and the fuck ups, 10 hour sets, having fun with friends...",False,0,3116256,3116256,all,House,False,332672244,track,,2017-07-12T07:54:05Z,all-rights-reserved,60,10-hours-by-an-ibiza-pool-1,https://soundcloud.com/sammathews/10-hours-by-an-ibiza-pool-1,1611,True,,,,4,,public,finished,True,"""Pool House and Disco""",10 hours by an Ibiza Pool - #1,single-track,https://api.soundcloud.com/tracks/332672244,soundcloud:tracks:332672244,867,,https://wave.sndcdn.com/Sh01ozIeDwMG_m.json,2017-07-12T07:54:05Z,soundcloud:system-playlists:track-stations:332672244,track-stations:332672244,eyJ0eXAiOiJKV1QiLCJhbGciOiJIUzI1NiJ9.eyJnZW8iOiJWTiIsInN1YiI6IiIsInJpZCI6IjcwNDk4MGFiLWZlOTUtNDAzZi04M2E3LTdkMzJiZTgxNGU2MCIsImlhdCI6MTY0NTE1OTA4MH0.qHvoDv7Kc03AU5pQhSySS48iF1HH-1b1yUiCOBcymsc,NOT_APPLICABLE,ALLOW,867,332672244.0,soundcloud:tracks:332672244,"[{'url': 'https://api-v2.soundcloud.com/media/soundcloud:tracks:332672244/987627e6-a576-45b1-89e4-b400848f672f/stream/hls', 'preset': 'mp3_0_0', 'duration': 3116256, 'snipped': False, 'format': {'protocol': 'hls', 'mime_type': 'audio/mpeg'}, 'quality': 'sq'}, {'url': 'https://api-v2.soundcloud.com/media/soundcloud:tracks:332672244/987627e6-a576-45b1-89e4-b400848f672f/stream/progressive', 'preset': 'mp3_0_0', 'duration': 3116256, 'snipped': False, 'format': {'protocol': 'progressive', 'mime_type': 'audio/mpeg'}, 'quality': 'sq'}, {'url': 'https://api-v2.soundcloud.com/media/soundcloud:tracks:332672244/2021e8c9-0415-43a2-8c24-f868b2770fe7/stream/hls', 'preset': 'opus_0_0', 'duration': 3116256, 'snipped': False, 'format': {'protocol': 'hls', 'mime_type': 'audio/ogg; codecs=""opus""'}, 'quality': 'sq'}]",https://i1.sndcdn.com/avatars-000146917517-nr1sqz-large.jpg,Sam,1260,Sam Mathews,867,user,2018-07-24T10:12:03Z,Mathews,sammathews,https://soundcloud.com/sammathews,https://api.soundcloud.com/users/867,soundcloud:users:867,Samantics,False,LONDON,,False,False,False,soundcloud:system-playlists:artist-stations:867,artist-stations:867,,,,,,,,,,,,
https://i1.sndcdn.com/artworks-Obt6vqqj2GVi-0-large.jpg,,True,0,2022-01-11T17:21:20Z,,False,0,30000,326426,all,Electronic,False,1194520792,track,Opak,2022-01-11T17:22:04Z,all-rights-reserved,0,im-a-guru-original-mix,https://soundcloud.com/robert/im-a-guru-original-mix,6,True,,,2022-01-20T00:00:00Z,0,,public,finished,True,"""Minimal / Deep Tech""",I'm A Guru (Original Mix),single-track,https://api.soundcloud.com/tracks/1194520792,soundcloud:tracks:1194520792,11,,https://wave.sndcdn.com/b2g3DX9jaMG2_m.json,2022-01-20T00:00:00Z,soundcloud:system-playlists:track-stations:1194520792,track-stations:1194520792,eyJ0eXAiOiJKV1QiLCJhbGciOiJIUzI1NiJ9.eyJnZW8iOiJWTiIsInN1YiI6IiIsInJpZCI6ImY3NDMxZWJjLTkzZDctNDdiZC05NjU5LTZhNjdhZDU2ZDY4OCIsImlhdCI6MTY0NTE1OTA4MH0.6UybM5FsTH-b7RdIOwcxVULg-ly8le_Dpk5WIOOOg60,NOT_APPLICABLE,SNIP,11,1194520792.0,soundcloud:tracks:1194520792,"[{'url': 'https://api-v2.soundcloud.com/media/soundcloud:tracks:1194520792/c7f97462-a8c5-4516-be78-a0e36481bf14/preview/hls', 'preset': 'mp3_0_1', 'duration': 30000, 'snipped': True, 'format': {'protocol': 'hls', 'mime_type': 'audio/mpeg'}, 'quality': 'sq'}, {'url': 'https://api-v2.soundcloud.com/media/soundcloud:tracks:1194520792/c7f97462-a8c5-4516-be78-a0e36481bf14/preview/progressive', 'preset': 'mp3_0_1', 'duration': 30000, 'snipped': True, 'format': {'protocol': 'progressive', 'mime_type': 'audio/mpeg'}, 'quality': 'sq'}]",https://i1.sndcdn.com/avatars-000283656415-ygylst-large.jpg,,948,,11,user,2022-01-11T15:05:16Z,,robert,https://soundcloud.com/robert,https://api.soundcloud.com/users/11,soundcloud:users:11,robert,False,,,False,False,False,soundcloud:system-playlists:artist-stations:11,artist-stations:11,Tulvan,Two For Six EP,True,795397180236,CA5KR0040617,False,2022 Opak,℗ 2022 Opak,2022 Opak,© 2022 Opak,I'm A Guru (Original Mix),
,,True,0,2012-02-18T16:08:00Z,,False,0,201167,201167,all,,False,37040016,track,,2012-02-18T16:08:02Z,all-rights-reserved,3,04-clone,https://soundcloud.com/martind/04-clone,188,True,,,,0,,public,finished,True,,04 Clone,single-track,https://api.soundcloud.com/tracks/37040016,soundcloud:tracks:37040016,131,,https://wave.sndcdn.com/VaKA5ondpyYW_m.json,2012-02-18T16:08:00Z,soundcloud:system-playlists:track-stations:37040016,track-stations:37040016,eyJ0eXAiOiJKV1QiLCJhbGciOiJIUzI1NiJ9.eyJnZW8iOiJWTiIsInN1YiI6IiIsInJpZCI6IjA0YWNkODdjLTUzMjktNDgwNi05YmJhLTk3ZDM3ZmM2YmNlNCIsImlhdCI6MTY0NTE1OTA4MX0.HfKKbaq5kAkCiLL0Wyq5z7qIc0cqbc6fEGB_tYLDAhs,NOT_APPLICABLE,ALLOW,131,,,"[{'url': 'https://api-v2.soundcloud.com/media/soundcloud:tracks:37040016/c4f3251b-185c-4d5c-b066-babe62f2db8b/stream/hls', 'preset': 'mp3_0_0', 'duration': 201167, 'snipped': False, 'format': {'protocol': 'hls', 'mime_type': 'audio/mpeg'}, 'quality': 'sq'}, {'url': 'https://api-v2.soundcloud.com/media/soundcloud:tracks:37040016/c4f3251b-185c-4d5c-b066-babe62f2db8b/stream/progressive', 'preset': 'mp3_0_0', 'duration': 201167, 'snipped': False, 'format': {'protocol': 'progressive', 'mime_type': 'audio/mpeg'}, 'quality': 'sq'}]",https://i1.sndcdn.com/avatars-000000003340-afc4a3-large.jpg,Martin,3390,Martin Dahlberg,131,user,2012-05-13T18:32:29Z,Dahlberg,martind,https://soundcloud.com/martind,https://api.soundcloud.com/users/131,soundcloud:users:131,martind,False,Stockholm,SE,False,False,False,soundcloud:system-playlists:artist-stations:131,artist-stations:131,,,,,,,,,,,,
,,True,1,2012-02-18T16:08:00Z,,False,0,157603,157603,all,,False,37040015,track,,2016-03-09T12:02:34Z,all-rights-reserved,2,03-clean,https://soundcloud.com/martind/03-clean,99,True,,,,0,,public,finished,True,,03 Clean,single-track,https://api.soundcloud.com/tracks/37040015,soundcloud:tracks:37040015,131,,https://wave.sndcdn.com/uChcMKUSO20g_m.json,2012-02-18T16:08:00Z,soundcloud:system-playlists:track-stations:37040015,track-stations:37040015,eyJ0eXAiOiJKV1QiLCJhbGciOiJIUzI1NiJ9.eyJnZW8iOiJWTiIsInN1YiI6IiIsInJpZCI6ImQwNWJjNGJiLThhNjEtNDEwMy1hYzhlLWNhNjc1MjRlOTcyYSIsImlhdCI6MTY0NTE1OTA4MX0.J-3WjsVma_8ocxc0Aviz7H54HzhlLyTsJC982ow9NHk,NOT_APPLICABLE,ALLOW,131,,,"[{'url': 'https://api-v2.soundcloud.com/media/soundcloud:tracks:37040015/1af59ce3-ab7e-4598-a50d-ce1bbff07143/stream/hls', 'preset': 'mp3_0_0', 'duration': 157603, 'snipped': False, 'format': {'protocol': 'hls', 'mime_type': 'audio/mpeg'}, 'quality': 'sq'}, {'url': 'https://api-v2.soundcloud.com/media/soundcloud:tracks:37040015/1af59ce3-ab7e-4598-a50d-ce1bbff07143/stream/progressive', 'preset': 'mp3_0_0', 'duration': 157603, 'snipped': False, 'format': {'protocol': 'progressive', 'mime_type': 'audio/mpeg'}, 'quality': 'sq'}]",https://i1.sndcdn.com/avatars-000000003340-afc4a3-large.jpg,Martin,3390,Martin Dahlberg,131,user,2012-05-13T18:32:29Z,Dahlberg,martind,https://soundcloud.com/martind,https://api.soundcloud.com/users/131,soundcloud:users:131,martind,False,Stockholm,SE,False,False,False,soundcloud:system-playlists:artist-stations:131,artist-stations:131,,,,,,,,,,,,
,,True,2,2012-02-18T16:08:00Z,,False,0,129092,129092,all,,False,37040014,track,,2016-03-09T11:59:33Z,all-rights-reserved,3,02-doshida,https://soundcloud.com/martind/02-doshida,118,True,,,,0,,public,finished,True,,02 Doshida,single-track,https://api.soundcloud.com/tracks/37040014,soundcloud:tracks:37040014,131,,https://wave.sndcdn.com/FAtGnXjabyBn_m.json,2012-02-18T16:08:00Z,soundcloud:system-playlists:track-stations:37040014,track-stations:37040014,eyJ0eXAiOiJKV1QiLCJhbGciOiJIUzI1NiJ9.eyJnZW8iOiJWTiIsInN1YiI6IiIsInJpZCI6IjM5YzAxZDZmLTE2YzgtNGZlNC1iNDEzLWU5ZmUxZDRhOTY5MSIsImlhdCI6MTY0NTE1OTA4MX0.xxfbgs-C9QQRx_zt0eS854zh20XeU88okyu5cFum_Zg,NOT_APPLICABLE,ALLOW,131,,,"[{'url': 'https://api-v2.soundcloud.com/media/soundcloud:tracks:37040014/366a0306-33e0-4e5f-b3ce-41debc068a16/stream/hls', 'preset': 'mp3_0_0', 'duration': 129092, 'snipped': False, 'format': {'protocol': 'hls', 'mime_type': 'audio/mpeg'}, 'quality': 'sq'}, {'url': 'https://api-v2.soundcloud.com/media/soundcloud:tracks:37040014/366a0306-33e0-4e5f-b3ce-41debc068a16/stream/progressive', 'preset': 'mp3_0_0', 'duration': 129092, 'snipped': False, 'format': {'protocol': 'progressive', 'mime_type': 'audio/mpeg'}, 'quality': 'sq'}]",https://i1.sndcdn.com/avatars-000000003340-afc4a3-large.jpg,Martin,3390,Martin Dahlberg,131,user,2012-05-13T18:32:29Z,Dahlberg,martind,https://soundcloud.com/martind,https://api.soundcloud.com/users/131,soundcloud:users:131,martind,False,Stockholm,SE,False,False,False,soundcloud:system-playlists:artist-stations:131,artist-stations:131,,,,,,,,,,,,
,,True,6,2007-09-14T08:35:13Z,"Stairland “chung II”, recorded in Västerås. Latest and last(?). ",False,79,206576,206576,all,,False,233,track,,2019-03-29T05:12:52Z,all-rights-reserved,9,unending,https://soundcloud.com/martind/unending,1749,True,,,,0,,public,finished,True,,unending,single-track,https://api.soundcloud.com/tracks/233,soundcloud:tracks:233,131,,https://wave.sndcdn.com/e2zrl8ReKcSs_m.json,2007-09-14T08:35:13Z,soundcloud:system-playlists:track-stations:233,track-stations:233,eyJ0eXAiOiJKV1QiLCJhbGciOiJIUzI1NiJ9.eyJnZW8iOiJWTiIsInN1YiI6IiIsInJpZCI6IjU2YWU5MWY2LTQ2MmEtNDg1OC1hZGI4LThhMDYwMGQ0MDZhYyIsImlhdCI6MTY0NTE1OTA4MX0.vF5qVMQD_X3EKaxF-scNLJwguhoCQNp2-dgU4J7zdj0,NOT_APPLICABLE,ALLOW,131,,,"[{'url': 'https://api-v2.soundcloud.com/media/soundcloud:tracks:233/732b3459-f490-4cdd-893b-f4334b0410d4/stream/hls', 'preset': 'mp3_0_0', 'duration': 206576, 'snipped': False, 'format': {'protocol': 'hls', 'mime_type': 'audio/mpeg'}, 'quality': 'sq'}, {'url': 'https://api-v2.soundcloud.com/media/soundcloud:tracks:233/732b3459-f490-4cdd-893b-f4334b0410d4/stream/progressive', 'preset': 'mp3_0_0', 'duration': 206576, 'snipped': False, 'format': {'protocol': 'progressive', 'mime_type': 'audio/mpeg'}, 'quality': 'sq'}]",https://i1.sndcdn.com/avatars-000000003340-afc4a3-large.jpg,Martin,3390,Martin Dahlberg,131,user,2012-05-13T18:32:29Z,Dahlberg,martind,https://soundcloud.com/martind,https://api.soundcloud.com/users/131,soundcloud:users:131,martind,False,Stockholm,SE,False,False,False,soundcloud:system-playlists:artist-stations:131,artist-stations:131,,,,,,,,,,,,
,,True,9,2007-09-14T08:34:28Z,"Stairland ""chung"" (self)release",False,94,171470,171470,all,,False,232,track,,2019-03-29T05:12:52Z,all-rights-reserved,7,spiral,https://soundcloud.com/martind/spiral,1307,True,,,,0,,public,finished,True,,spiral,single-track,https://api.soundcloud.com/tracks/232,soundcloud:tracks:232,131,,https://wave.sndcdn.com/KGVMhpFPEaeg_m.json,2007-09-14T08:34:28Z,soundcloud:system-playlists:track-stations:232,track-stations:232,eyJ0eXAiOiJKV1QiLCJhbGciOiJIUzI1NiJ9.eyJnZW8iOiJWTiIsInN1YiI6IiIsInJpZCI6IjlmMzhiNmFiLWM3NjAtNDc1Yi1hNjdiLTcxMzIwOGJhZGQxMSIsImlhdCI6MTY0NTE1OTA4MX0.onOLWRoZpwll8ksZK1SidwMZKhkal76AQQPTDmPSbIk,NOT_APPLICABLE,ALLOW,131,,,"[{'url': 'https://api-v2.soundcloud.com/media/soundcloud:tracks:232/cdea1736-284e-48bd-b779-66517437e9f2/stream/hls', 'preset': 'mp3_0_0', 'duration': 171470, 'snipped': False, 'format': {'protocol': 'hls', 'mime_type': 'audio/mpeg'}, 'quality': 'sq'}, {'url': 'https://api-v2.soundcloud.com/media/soundcloud:tracks:232/cdea1736-284e-48bd-b779-66517437e9f2/stream/progressive', 'preset': 'mp3_0_0', 'duration': 171470, 'snipped': False, 'format': {'protocol': 'progressive', 'mime_type': 'audio/mpeg'}, 'quality': 'sq'}]",https://i1.sndcdn.com/avatars-000000003340-afc4a3-large.jpg,Martin,3390,Martin Dahlberg,131,user,2012-05-13T18:32:29Z,Dahlberg,martind,https://soundcloud.com/martind,https://api.soundcloud.com/users/131,soundcloud:users:131,martind,False,Stockholm,SE,False,False,False,soundcloud:system-playlists:artist-stations:131,artist-stations:131,,,,,,,,,,,,
,,True,1,2007-09-14T08:33:33Z,"Stairland ""chung"" (self)release",False,86,183588,183588,all,,False,231,track,,2019-03-29T05:12:52Z,all-rights-reserved,4,fall,https://soundcloud.com/martind/fall,847,True,,,,0,,public,finished,True,,fall,single-track,https://api.soundcloud.com/tracks/231,soundcloud:tracks:231,131,,https://wave.sndcdn.com/1fuQaOvaLmNa_m.json,2007-09-14T08:33:33Z,soundcloud:system-playlists:track-stations:231,track-stations:231,eyJ0eXAiOiJKV1QiLCJhbGciOiJIUzI1NiJ9.eyJnZW8iOiJWTiIsInN1YiI6IiIsInJpZCI6ImUyMmM5MDUyLTNkNmYtNDdiOC1iMmI1LTllMWM0MmQ1OThmMiIsImlhdCI6MTY0NTE1OTA4MX0.HikoH94BTHEd7KyBR8SVDLGZ3VGyuyw7Fu7MldOUhMo,NOT_APPLICABLE,ALLOW,131,,,"[{'url': 'https://api-v2.soundcloud.com/media/soundcloud:tracks:231/21b97578-416f-4e96-91fe-627775316cba/stream/hls', 'preset': 'mp3_0_0', 'duration': 183588, 'snipped': False, 'format': {'protocol': 'hls', 'mime_type': 'audio/mpeg'}, 'quality': 'sq'}, {'url': 'https://api-v2.soundcloud.com/media/soundcloud:tracks:231/21b97578-416f-4e96-91fe-627775316cba/stream/progressive', 'preset': 'mp3_0_0', 'duration': 183588, 'snipped': False, 'format': {'protocol': 'progressive', 'mime_type': 'audio/mpeg'}, 'quality': 'sq'}]",https://i1.sndcdn.com/avatars-000000003340-afc4a3-large.jpg,Martin,3390,Martin Dahlberg,131,user,2012-05-13T18:32:29Z,Dahlberg,martind,https://soundcloud.com/martind,https://api.soundcloud.com/users/131,soundcloud:users:131,martind,False,Stockholm,SE,False,False,False,soundcloud:system-playlists:artist-stations:131,artist-stations:131,,,,,,,,,,,,
,,True,1,2007-09-14T08:32:45Z,"Stairland ""chung"" (self)release",False,64,108460,108460,all,,False,230,track,,2019-03-29T05:12:52Z,all-rights-reserved,10,panic,https://soundcloud.com/martind/panic,1897,True,,,,0,,public,finished,True,,panic,single-track,https://api.soundcloud.com/tracks/230,soundcloud:tracks:230,131,,https://wave.sndcdn.com/3WXATaZEP0WT_m.json,2007-09-14T08:32:45Z,soundcloud:system-playlists:track-stations:230,track-stations:230,eyJ0eXAiOiJKV1QiLCJhbGciOiJIUzI1NiJ9.eyJnZW8iOiJWTiIsInN1YiI6IiIsInJpZCI6IjZiZjQ3MWFlLWRlNzktNGNjZC1hZGUwLTdmZTdmMDE4OTE2NCIsImlhdCI6MTY0NTE1OTA4MX0.Wnp0SMN2sx3oPVyf5vLw5GoD8Dtn4b1gcDSFqu37UeA,NOT_APPLICABLE,ALLOW,131,,,"[{'url': 'https://api-v2.soundcloud.com/media/soundcloud:tracks:230/63f6d7f2-52a5-4719-92fa-60c5c9a42b22/stream/hls', 'preset': 'mp3_0_0', 'duration': 108460, 'snipped': False, 'format': {'protocol': 'hls', 'mime_type': 'audio/mpeg'}, 'quality': 'sq'}, {'url': 'https://api-v2.soundcloud.com/media/soundcloud:tracks:230/63f6d7f2-52a5-4719-92fa-60c5c9a42b22/stream/progressive', 'preset': 'mp3_0_0', 'duration': 108460, 'snipped': False, 'format': {'protocol': 'progressive', 'mime_type': 'audio/mpeg'}, 'quality': 'sq'}]",https://i1.sndcdn.com/avatars-000000003340-afc4a3-large.jpg,Martin,3390,Martin Dahlberg,131,user,2012-05-13T18:32:29Z,Dahlberg,martind,https://soundcloud.com/martind,https://api.soundcloud.com/users/131,soundcloud:users:131,martind,False,Stockholm,SE,False,False,False,soundcloud:system-playlists:artist-stations:131,artist-stations:131,,,,,,,,,,,,
,,True,1,2007-09-14T08:30:49Z,"Stairland ""chung"" (self)release",False,63,120659,120659,all,,False,229,track,,2019-03-29T05:12:52Z,all-rights-reserved,4,punishing,https://soundcloud.com/martind/punishing,972,True,,,,0,,public,finished,True,,punishing,single-track,https://api.soundcloud.com/tracks/229,soundcloud:tracks:229,131,,https://wave.sndcdn.com/UdWV5tIFzWLz_m.json,2007-09-14T08:30:49Z,soundcloud:system-playlists:track-stations:229,track-stations:229,eyJ0eXAiOiJKV1QiLCJhbGciOiJIUzI1NiJ9.eyJnZW8iOiJWTiIsInN1YiI6IiIsInJpZCI6IjUwYTgwODdkLWYwNGQtNDRiZC04ZmZkLTExOTA3M2Y3MTA1MSIsImlhdCI6MTY0NTE1OTA4MX0.-MdzUXpqGl9MAJ5w-L79mEHnrOjoSO-6o9soANwFQLA,NOT_APPLICABLE,ALLOW,131,,,"[{'url': 'https://api-v2.soundcloud.com/media/soundcloud:tracks:229/8c41f977-a2ab-4163-8f66-5a50da49d8a2/stream/hls', 'preset': 'mp3_0_0', 'duration': 120659, 'snipped': False, 'format': {'protocol': 'hls', 'mime_type': 'audio/mpeg'}, 'quality': 'sq'}, {'url': 'https://api-v2.soundcloud.com/media/soundcloud:tracks:229/8c41f977-a2ab-4163-8f66-5a50da49d8a2/stream/progressive', 'preset': 'mp3_0_0', 'duration': 120659, 'snipped': False, 'format': {'protocol': 'progressive', 'mime_type': 'audio/mpeg'}, 'quality': 'sq'}]",https://i1.sndcdn.com/avatars-000000003340-afc4a3-large.jpg,Martin,3390,Martin Dahlberg,131,user,2012-05-13T18:32:29Z,Dahlberg,martind,https://soundcloud.com/martind,https://api.soundcloud.com/users/131,soundcloud:users:131,martind,False,Stockholm,SE,False,False,False,soundcloud:system-playlists:artist-stations:131,artist-stations:131,,,,,,,,,,,,
,,True,1,2007-09-14T08:25:28Z,"Stairland ""chung"" (self)release",False,69,177502,177502,all,,False,228,track,,2019-03-29T05:12:52Z,all-rights-reserved,6,shunyata,https://soundcloud.com/martind/shunyata,1114,True,,,,0,,public,finished,True,,shunyata,single-track,https://api.soundcloud.com/tracks/228,soundcloud:tracks:228,131,,https://wave.sndcdn.com/ZxwqvXuYSoXG_m.json,2007-09-14T08:25:28Z,soundcloud:system-playlists:track-stations:228,track-stations:228,eyJ0eXAiOiJKV1QiLCJhbGciOiJIUzI1NiJ9.eyJnZW8iOiJWTiIsInN1YiI6IiIsInJpZCI6IjhiMTZjNzFlLTdlY2MtNGU5Zi1iYzFiLWFiMDg0OGZiYTg3NyIsImlhdCI6MTY0NTE1OTA4MX0.hj-ipHidoN4wf-XHYhTv-PjI7yvyL_W2j7Ebx5Hwves,NOT_APPLICABLE,ALLOW,131,,,"[{'url': 'https://api-v2.soundcloud.com/media/soundcloud:tracks:228/68ef4754-71c6-4a55-8780-c97cc56ff15c/stream/hls', 'preset': 'mp3_0_0', 'duration': 177502, 'snipped': False, 'format': {'protocol': 'hls', 'mime_type': 'audio/mpeg'}, 'quality': 'sq'}, {'url': 'https://api-v2.soundcloud.com/media/soundcloud:tracks:228/68ef4754-71c6-4a55-8780-c97cc56ff15c/stream/progressive', 'preset': 'mp3_0_0', 'duration': 177502, 'snipped': False, 'format': {'protocol': 'progressive', 'mime_type': 'audio/mpeg'}, 'quality': 'sq'}]",https://i1.sndcdn.com/avatars-000000003340-afc4a3-large.jpg,Martin,3390,Martin Dahlberg,131,user,2012-05-13T18:32:29Z,Dahlberg,martind,https://soundcloud.com/martind,https://api.soundcloud.com/users/131,soundcloud:users:131,martind,False,Stockholm,SE,False,False,False,soundcloud:system-playlists:artist-stations:131,artist-stations:131,,,,,,,,,,,,
,,True,2,2007-09-14T08:24:16Z,stairland “chung” (self)release,False,81,169691,169691,all,,False,227,track,,2019-03-29T05:12:52Z,all-rights-reserved,5,astro,https://soundcloud.com/martind/astro,1769,True,,,,0,,public,finished,True,,astro,single-track,https://api.soundcloud.com/tracks/227,soundcloud:tracks:227,131,,https://wave.sndcdn.com/pyd60ctKoo3z_m.json,2007-09-14T08:24:16Z,soundcloud:system-playlists:track-stations:227,track-stations:227,eyJ0eXAiOiJKV1QiLCJhbGciOiJIUzI1NiJ9.eyJnZW8iOiJWTiIsInN1YiI6IiIsInJpZCI6Ijg5ZTdlNDMxLWQ4ZmItNGFjMi1hMGI0LTQ3OWU5ZDQ4NzAzMyIsImlhdCI6MTY0NTE1OTA4MX0.CE9xVNFTAV3dLDxumRYLhzO3-y3X-_lP16PYpjPkgzc,NOT_APPLICABLE,ALLOW,131,,,"[{'url': 'https://api-v2.soundcloud.com/media/soundcloud:tracks:227/73932d05-71b4-496b-8860-6579fa8938f3/stream/hls', 'preset': 'mp3_0_0', 'duration': 169691, 'snipped': False, 'format': {'protocol': 'hls', 'mime_type': 'audio/mpeg'}, 'quality': 'sq'}, {'url': 'https://api-v2.soundcloud.com/media/soundcloud:tracks:227/73932d05-71b4-496b-8860-6579fa8938f3/stream/progressive', 'preset': 'mp3_0_0', 'duration': 169691, 'snipped': False, 'format': {'protocol': 'progressive', 'mime_type': 'audio/mpeg'}, 'quality': 'sq'}]",https://i1.sndcdn.com/avatars-000000003340-afc4a3-large.jpg,Martin,3390,Martin Dahlberg,131,user,2012-05-13T18:32:29Z,Dahlberg,martind,https://soundcloud.com/martind,https://api.soundcloud.com/users/131,soundcloud:users:131,martind,False,Stockholm,SE,False,False,False,soundcloud:system-playlists:artist-stations:131,artist-stations:131,,,,,,,,,,,,
,,True,5,2007-09-14T08:22:17Z,Stairland track from the fluorescent yellow release “Shapeless”.,False,75,209118,209118,all,,False,226,track,,2019-03-29T05:12:52Z,all-rights-reserved,9,shapeless,https://soundcloud.com/martind/shapeless,1561,True,,,,0,,public,finished,True,,01 Shapeless,single-track,https://api.soundcloud.com/tracks/226,soundcloud:tracks:226,131,,https://wave.sndcdn.com/J5wJVZWZnRCW_m.json,2007-09-14T08:22:17Z,soundcloud:system-playlists:track-stations:226,track-stations:226,eyJ0eXAiOiJKV1QiLCJhbGciOiJIUzI1NiJ9.eyJnZW8iOiJWTiIsInN1YiI6IiIsInJpZCI6ImIwZWJjNTM5LWRiM2ItNDZjYy1hMzM2LTRkMGYwZjc5ZmVkMyIsImlhdCI6MTY0NTE1OTA4MX0.KtMPficQyTC-9aItaWWXhMH9IsWvMHQFBUmQtLeliXo,NOT_APPLICABLE,ALLOW,131,,,"[{'url': 'https://api-v2.soundcloud.com/media/soundcloud:tracks:226/3d691fcc-ba5e-4647-b72a-b988028f2a7a/stream/hls', 'preset': 'mp3_0_0', 'duration': 209118, 'snipped': False, 'format': {'protocol': 'hls', 'mime_type': 'audio/mpeg'}, 'quality': 'sq'}, {'url': 'https://api-v2.soundcloud.com/media/soundcloud:tracks:226/3d691fcc-ba5e-4647-b72a-b988028f2a7a/stream/progressive', 'preset': 'mp3_0_0', 'duration': 209118, 'snipped': False, 'format': {'protocol': 'progressive', 'mime_type': 'audio/mpeg'}, 'quality': 'sq'}]",https://i1.sndcdn.com/avatars-000000003340-afc4a3-large.jpg,Martin,3390,Martin Dahlberg,131,user,2012-05-13T18:32:29Z,Dahlberg,martind,https://soundcloud.com/martind,https://api.soundcloud.com/users/131,soundcloud:users:131,martind,False,Stockholm,SE,False,False,False,soundcloud:system-playlists:artist-stations:131,artist-stations:131,,,,,,,,,,,,
https://i1.sndcdn.com/artworks-000086641160-sy5tvx-large.jpg,,True,1,2014-07-30T11:24:24Z,"Electroish synthy thing, free for grabs, hope you like it!",True,35,428970,428970,all,Electronic,True,160936829,track,,2015-01-06T01:03:14Z,all-rights-reserved,13,shackmoe,https://soundcloud.com/patrik/shackmoe,294,True,,,,5,,public,finished,True,"Disco House Electro ""Free Download""",Patrik Björkman - Shackmoe,single-track,https://api.soundcloud.com/tracks/160936829,soundcloud:tracks:160936829,723,,https://wave.sndcdn.com/nc0m6ZPDxI3w_m.json,2014-07-30T11:24:24Z,soundcloud:system-playlists:track-stations:160936829,track-stations:160936829,eyJ0eXAiOiJKV1QiLCJhbGciOiJIUzI1NiJ9.eyJnZW8iOiJWTiIsInN1YiI6IiIsInJpZCI6ImVhNTAyOWNkLWJhMzAtNGI2ZS1hNmViLWJjMTBmZmE3ZTcxNSIsImlhdCI6MTY0NTE1OTA4NX0.7hpy6oTpP5JrIKA-oHF6p2tEMZKGBpZg7f1wHtz2_Ok,NOT_APPLICABLE,ALLOW,723,,,"[{'url': 'https://api-v2.soundcloud.com/media/soundcloud:tracks:160936829/4e3d74df-4f19-4c40-a91f-ce1473383a9d/stream/hls', 'preset': 'mp3_0_0', 'duration': 428970, 'snipped': False, 'format': {'protocol': 'hls', 'mime_type': 'audio/mpeg'}, 'quality': 'sq'}, {'url': 'https://api-v2.soundcloud.com/media/soundcloud:tracks:160936829/4e3d74df-4f19-4c40-a91f-ce1473383a9d/stream/progressive', 'preset': 'mp3_0_0', 'duration': 428970, 'snipped': False, 'format': {'protocol': 'progressive', 'mime_type': 'audio/mpeg'}, 'quality': 'sq'}]",https://i1.sndcdn.com/avatars-D29VpQKMzUKouLCa-9yywyA-large.jpg,Patrik,707,Patrik Björkman,723,user,2022-01-28T08:57:34Z,Björkman,patrik,https://soundcloud.com/patrik,https://api.soundcloud.com/users/723,soundcloud:users:723,PATRIK,False,Stockholm,SE,False,False,False,soundcloud:system-playlists:artist-stations:723,artist-stations:723,,,,,,,,,,,,
https://i1.sndcdn.com/artworks-000066256254-0ob8h5-large.jpg,,True,3,2013-12-25T15:38:34Z,Released in 2009 on the excellent label Incorrect Music.,False,0,551548,551548,all,Techno,False,126462091,track,,2013-12-25T15:42:40Z,all-rights-reserved,8,meds-gone-wrong-team-bang,https://soundcloud.com/patrik/meds-gone-wrong-team-bang,394,True,Buy on Beatport,http://www.beatport.com/release/basis-i/211718,,3,,public,finished,True,"""Team Bang"" ""Patrik Björkman"" Techno Tech-House ""Incorrect Music"" Basis",Meds Gone Wrong - Team Bang (Patrik Björkman Remix),single-track,https://api.soundcloud.com/tracks/126462091,soundcloud:tracks:126462091,723,,https://wave.sndcdn.com/Z7JmHZaRq5N6_m.json,2013-12-25T15:38:34Z,soundcloud:system-playlists:track-stations:126462091,track-stations:126462091,eyJ0eXAiOiJKV1QiLCJhbGciOiJIUzI1NiJ9.eyJnZW8iOiJWTiIsInN1YiI6IiIsInJpZCI6ImMxZjY2ZDA1LTY4YmMtNDEzNi1iMzg1LTgyZTQ5YTJlNzM2OSIsImlhdCI6MTY0NTE1OTA4NX0.XDLNQyjMPfxa3wfZYBeGSCrof0qPqwGgDGeLZqO1uwo,NOT_APPLICABLE,ALLOW,723,,,"[{'url': 'https://api-v2.soundcloud.com/media/soundcloud:tracks:126462091/65630d5c-df61-4356-a4c9-9276661537d0/stream/hls', 'preset': 'mp3_0_0', 'duration': 551548, 'snipped': False, 'format': {'protocol': 'hls', 'mime_type': 'audio/mpeg'}, 'quality': 'sq'}, {'url': 'https://api-v2.soundcloud.com/media/soundcloud:tracks:126462091/65630d5c-df61-4356-a4c9-9276661537d0/stream/progressive', 'preset': 'mp3_0_0', 'duration': 551548, 'snipped': False, 'format': {'protocol': 'progressive', 'mime_type': 'audio/mpeg'}, 'quality': 'sq'}]",https://i1.sndcdn.com/avatars-D29VpQKMzUKouLCa-9yywyA-large.jpg,Patrik,707,Patrik Björkman,723,user,2022-01-28T08:57:34Z,Björkman,patrik,https://soundcloud.com/patrik,https://api.soundcloud.com/users/723,soundcloud:users:723,PATRIK,False,Stockholm,SE,False,False,False,soundcloud:system-playlists:artist-stations:723,artist-stations:723,,,,,,,,,,,,
https://i1.sndcdn.com/artworks-000037649959-vqwi2n-large.jpg,,True,3,2013-01-05T11:00:08Z,"Track from 2009 that never got released. 

Free download!",True,44,466093,466093,all,Dance,True,73717617,track,,2016-01-16T22:13:06Z,all-rights-reserved,7,patrik_bjorkman-judas,https://soundcloud.com/patrik/patrik_bjorkman-judas,360,True,,,,2,,public,finished,True,Judas Patrik Bjorkman Dance,Patrik Björkman - Judas,single-track,https://api.soundcloud.com/tracks/73717617,soundcloud:tracks:73717617,723,,https://wave.sndcdn.com/8VeTiG5Or4gO_m.json,2013-01-05T11:00:08Z,soundcloud:system-playlists:track-stations:73717617,track-stations:73717617,eyJ0eXAiOiJKV1QiLCJhbGciOiJIUzI1NiJ9.eyJnZW8iOiJWTiIsInN1YiI6IiIsInJpZCI6IjdmOTRiMzI4LTA2MmItNDY4YS1hOTk4LTY1YjYyMjQ1YjU2ZCIsImlhdCI6MTY0NTE1OTA4NX0.5gluY9qOYXt1L4Azvd1yg6fYdxAsJuyPKK2M2D0HXVI,NOT_APPLICABLE,ALLOW,723,,,"[{'url': 'https://api-v2.soundcloud.com/media/soundcloud:tracks:73717617/052cccd0-9edc-40c0-b16b-4bbd550424c8/stream/hls', 'preset': 'mp3_0_0', 'duration': 466093, 'snipped': False, 'format': {'protocol': 'hls', 'mime_type': 'audio/mpeg'}, 'quality': 'sq'}, {'url': 'https://api-v2.soundcloud.com/media/soundcloud:tracks:73717617/052cccd0-9edc-40c0-b16b-4bbd550424c8/stream/progressive', 'preset': 'mp3_0_0', 'duration': 466093, 'snipped': False, 'format': {'protocol': 'progressive', 'mime_type': 'audio/mpeg'}, 'quality': 'sq'}]",https://i1.sndcdn.com/avatars-D29VpQKMzUKouLCa-9yywyA-large.jpg,Patrik,707,Patrik Björkman,723,user,2022-01-28T08:57:34Z,Björkman,patrik,https://soundcloud.com/patrik,https://api.soundcloud.com/users/723,soundcloud:users:723,PATRIK,False,Stockholm,SE,False,False,False,soundcloud:system-playlists:artist-stations:723,artist-stations:723,,,,,,,,,,,,
https://i1.sndcdn.com/artworks-000042206471-ntwbuq-large.jpg,,True,3,2012-07-28T10:52:57Z,,True,100,526829,526829,me,Tech House,False,54374496,track,,2015-05-31T17:31:27Z,all-rights-reserved,41,you-dont-know-patrik-bjorkman-remix,https://soundcloud.com/patrik/you-dont-know-patrik-bjorkman-remix,1839,True,,,,5,,public,finished,True,Christopher Norman Reverb Junkie You Don't Know Patrik Bjorkman Remix Tech House Techno Free Download,Christopher Norman & The Reverb Junkie - You Don't Know (Patrik Björkman Remix),single-track,https://api.soundcloud.com/tracks/54374496,soundcloud:tracks:54374496,723,,https://wave.sndcdn.com/qpPptCTgsuOH_m.json,2012-07-28T10:52:57Z,soundcloud:system-playlists:track-stations:54374496,track-stations:54374496,eyJ0eXAiOiJKV1QiLCJhbGciOiJIUzI1NiJ9.eyJnZW8iOiJWTiIsInN1YiI6IiIsInJpZCI6IjM1YmZmNTEyLTI1MjEtNGExNi1iNjM0LWJiMGEyNjhkMDgyOSIsImlhdCI6MTY0NTE1OTA4NX0.BwbEY2iXB361iaTzDFcJXiTRB26YwmH_g9JQFZaeYxI,NOT_APPLICABLE,ALLOW,723,,,"[{'url': 'https://api-v2.soundcloud.com/media/soundcloud:tracks:54374496/6f7266ee-35a0-4a54-84ed-2ff310d3424f/stream/hls', 'preset': 'mp3_0_0', 'duration': 526829, 'snipped': False, 'format': {'protocol': 'hls', 'mime_type': 'audio/mpeg'}, 'quality': 'sq'}, {'url': 'https://api-v2.soundcloud.com/media/soundcloud:tracks:54374496/6f7266ee-35a0-4a54-84ed-2ff310d3424f/stream/progressive', 'preset': 'mp3_0_0', 'duration': 526829, 'snipped': False, 'format': {'protocol': 'progressive', 'mime_type': 'audio/mpeg'}, 'quality': 'sq'}]",https://i1.sndcdn.com/avatars-D29VpQKMzUKouLCa-9yywyA-large.jpg,Patrik,707,Patrik Björkman,723,user,2022-01-28T08:57:34Z,Björkman,patrik,https://soundcloud.com/patrik,https://api.soundcloud.com/users/723,soundcloud:users:723,PATRIK,False,Stockholm,SE,False,False,False,soundcloud:system-playlists:artist-stations:723,artist-stations:723,,,,,,,,,,,,
https://i1.sndcdn.com/artworks-000013077987-7g7fiv-large.jpg,,True,7,2011-10-23T11:15:51Z,,False,0,430269,430269,all,Tech House,False,26193659,track,Incorrect Music,2015-04-05T19:55:30Z,all-rights-reserved,63,gate-42-gypsy-kings,https://soundcloud.com/patrik/gate-42-gypsy-kings,13145,True,,http://www.beatport.com/track/gypsy-kings-original-mix/1171821,2010-04-14T00:00:00Z,5,,public,finished,True,,Gate 42 - Gypsy Kings,single-track,https://api.soundcloud.com/tracks/26193659,soundcloud:tracks:26193659,723,,https://wave.sndcdn.com/Vo6brIwS1Cu4_m.json,2011-10-23T11:15:51Z,soundcloud:system-playlists:track-stations:26193659,track-stations:26193659,eyJ0eXAiOiJKV1QiLCJhbGciOiJIUzI1NiJ9.eyJnZW8iOiJWTiIsInN1YiI6IiIsInJpZCI6IjU5YjRmNDdjLTFiOWItNGU2Yy1hMTYxLTJkOTY4YmM5MDY1ZSIsImlhdCI6MTY0NTE1OTA4NX0.DDMBcN3I7IZDdRmaGadlNwEE7-MM8R1rZqA6Z_-B_2I,NOT_APPLICABLE,ALLOW,723,,,"[{'url': 'https://api-v2.soundcloud.com/media/soundcloud:tracks:26193659/4974dd35-17ff-4dee-bd71-a2fe5ecdbeec/stream/hls', 'preset': 'mp3_0_0', 'duration': 430269, 'snipped': False, 'format': {'protocol': 'hls', 'mime_type': 'audio/mpeg'}, 'quality': 'sq'}, {'url': 'https://api-v2.soundcloud.com/media/soundcloud:tracks:26193659/4974dd35-17ff-4dee-bd71-a2fe5ecdbeec/stream/progressive', 'preset': 'mp3_0_0', 'duration': 430269, 'snipped': False, 'format': {'protocol': 'progressive', 'mime_type': 'audio/mpeg'}, 'quality': 'sq'}]",https://i1.sndcdn.com/avatars-D29VpQKMzUKouLCa-9yywyA-large.jpg,Patrik,707,Patrik Björkman,723,user,2022-01-28T08:57:34Z,Björkman,patrik,https://soundcloud.com/patrik,https://api.soundcloud.com/users/723,soundcloud:users:723,PATRIK,False,Stockholm,SE,False,False,False,soundcloud:system-playlists:artist-stations:723,artist-stations:723,,,,,,,,,,,,
https://i1.sndcdn.com/artworks-000002534638-fevahs-large.jpg,,True,4,2010-10-05T19:09:42Z,Remix made for Emote Music in 2007,False,0,370818,370818,all,Techno,False,5832938,track,Emote Music,2011-03-19T21:35:44Z,all-rights-reserved,26,jacob-todd-kelly-noland-promises-patrik-bjorkman-remix,https://soundcloud.com/patrik/jacob-todd-kelly-noland-promises-patrik-bjorkman-remix,914,True,,https://www.beatport.com/en-US/html/content/release/detail/46844/Promises,2007-02-22T00:00:00Z,3,,public,finished,True,Dark Vocal Distorted,Jacob Todd & Kelly Noland - Promises (Patrik Björkman Remix),single-track,https://api.soundcloud.com/tracks/5832938,soundcloud:tracks:5832938,723,,https://wave.sndcdn.com/z4eqMvBCnpbj_m.json,2010-10-05T19:09:42Z,soundcloud:system-playlists:track-stations:5832938,track-stations:5832938,eyJ0eXAiOiJKV1QiLCJhbGciOiJIUzI1NiJ9.eyJnZW8iOiJWTiIsInN1YiI6IiIsInJpZCI6IjI1MTIzMWZjLWY1OWQtNGZkNC05ODFlLTFiMWU2NDUzMTdjYiIsImlhdCI6MTY0NTE1OTA4NX0.ZYVSSdyLwFJOBuX7AmT7FoCv6OYDZz18zg4fozrIpk8,NOT_APPLICABLE,ALLOW,723,,,"[{'url': 'https://api-v2.soundcloud.com/media/soundcloud:tracks:5832938/1e3c70d6-5e79-4bb1-9d22-78b751981402/stream/hls', 'preset': 'mp3_0_0', 'duration': 370818, 'snipped': False, 'format': {'protocol': 'hls', 'mime_type': 'audio/mpeg'}, 'quality': 'sq'}, {'url': 'https://api-v2.soundcloud.com/media/soundcloud:tracks:5832938/1e3c70d6-5e79-4bb1-9d22-78b751981402/stream/progressive', 'preset': 'mp3_0_0', 'duration': 370818, 'snipped': False, 'format': {'protocol': 'progressive', 'mime_type': 'audio/mpeg'}, 'quality': 'sq'}]",https://i1.sndcdn.com/avatars-D29VpQKMzUKouLCa-9yywyA-large.jpg,Patrik,707,Patrik Björkman,723,user,2022-01-28T08:57:34Z,Björkman,patrik,https://soundcloud.com/patrik,https://api.soundcloud.com/users/723,soundcloud:users:723,PATRIK,False,Stockholm,SE,False,False,False,soundcloud:system-playlists:artist-stations:723,artist-stations:723,,,,,,,,,,,,
https://i1.sndcdn.com/artworks-000002207856-uufxvr-large.jpg,,True,6,2010-08-29T15:20:56Z,,False,0,403692,403692,all,Tech House,False,4926989,track,Black Hole Recordings,2014-07-09T18:53:57Z,all-rights-reserved,17,christopher_norman_topher_jones-otherside_patrik_bjorkman_remix,https://soundcloud.com/patrik/christopher_norman_topher_jones-otherside_patrik_bjorkman_remix,1163,True,,https://www.beatport.com/en-US/html/content/release/detail/125267/Otherside,2008-07-21T00:00:00Z,1,,public,finished,True,,Christopher Norman & Topher Jones - Otherside (Patrik Björkman Remix),single-track,https://api.soundcloud.com/tracks/4926989,soundcloud:tracks:4926989,723,,https://wave.sndcdn.com/nxDCdRuk3XgW_m.json,2010-08-29T15:20:56Z,soundcloud:system-playlists:track-stations:4926989,track-stations:4926989,eyJ0eXAiOiJKV1QiLCJhbGciOiJIUzI1NiJ9.eyJnZW8iOiJWTiIsInN1YiI6IiIsInJpZCI6ImMwNDMwYWM5LWE0NzEtNDhhNy05ZWJiLTE4NzY4MTJlNzM2ZSIsImlhdCI6MTY0NTE1OTA4NX0.pnPIwZstzFtNZR_GKnecReEyPVd1JecbO3IFozJb4wo,NOT_APPLICABLE,ALLOW,723,,,"[{'url': 'https://api-v2.soundcloud.com/media/soundcloud:tracks:4926989/deea68a0-57a1-4377-88d5-ccefa8d74e4f/stream/hls', 'preset': 'mp3_0_0', 'duration': 403692, 'snipped': False, 'format': {'protocol': 'hls', 'mime_type': 'audio/mpeg'}, 'quality': 'sq'}, {'url': 'https://api-v2.soundcloud.com/media/soundcloud:tracks:4926989/deea68a0-57a1-4377-88d5-ccefa8d74e4f/stream/progressive', 'preset': 'mp3_0_0', 'duration': 403692, 'snipped': False, 'format': {'protocol': 'progressive', 'mime_type': 'audio/mpeg'}, 'quality': 'sq'}]",https://i1.sndcdn.com/avatars-D29VpQKMzUKouLCa-9yywyA-large.jpg,Patrik,707,Patrik Björkman,723,user,2022-01-28T08:57:34Z,Björkman,patrik,https://soundcloud.com/patrik,https://api.soundcloud.com/users/723,soundcloud:users:723,PATRIK,False,Stockholm,SE,False,False,False,soundcloud:system-playlists:artist-stations:723,artist-stations:723,,,,,,,,,,,,
https://i1.sndcdn.com/artworks-000001946362-k720o5-large.jpg,,True,4,2010-07-26T07:29:57Z,,False,0,465443,465443,all,House,False,4205437,track,,2012-11-25T14:25:08Z,all-rights-reserved,12,patrik_bjorkman-what_is_this,https://soundcloud.com/patrik/patrik_bjorkman-what_is_this,267,True,,,2008-05-26T00:00:00Z,1,,public,finished,True,Chunky Dirty Electro,Patrik Björkman - What Is This?!,single-track,https://api.soundcloud.com/tracks/4205437,soundcloud:tracks:4205437,723,,https://wave.sndcdn.com/MfmCL2zhIMlv_m.json,2010-07-26T07:29:57Z,soundcloud:system-playlists:track-stations:4205437,track-stations:4205437,eyJ0eXAiOiJKV1QiLCJhbGciOiJIUzI1NiJ9.eyJnZW8iOiJWTiIsInN1YiI6IiIsInJpZCI6IjVmZDUyZWU3LTc0NDEtNGZmZS04NmRhLTM1MGE0MTAzODQyNyIsImlhdCI6MTY0NTE1OTA4NX0.UEnib-Q1BOZFjf-MFE-2XU92YYddU00zqGBQSYKMwq4,NOT_APPLICABLE,ALLOW,723,,,"[{'url': 'https://api-v2.soundcloud.com/media/soundcloud:tracks:4205437/f91cb299-cacb-4cb4-b12c-e0cd64d557dd/stream/hls', 'preset': 'mp3_0_0', 'duration': 465443, 'snipped': False, 'format': {'protocol': 'hls', 'mime_type': 'audio/mpeg'}, 'quality': 'sq'}, {'url': 'https://api-v2.soundcloud.com/media/soundcloud:tracks:4205437/f91cb299-cacb-4cb4-b12c-e0cd64d557dd/stream/progressive', 'preset': 'mp3_0_0', 'duration': 465443, 'snipped': False, 'format': {'protocol': 'progressive', 'mime_type': 'audio/mpeg'}, 'quality': 'sq'}]",https://i1.sndcdn.com/avatars-D29VpQKMzUKouLCa-9yywyA-large.jpg,Patrik,707,Patrik Björkman,723,user,2022-01-28T08:57:34Z,Björkman,patrik,https://soundcloud.com/patrik,https://api.soundcloud.com/users/723,soundcloud:users:723,PATRIK,False,Stockholm,SE,False,False,False,soundcloud:system-playlists:artist-stations:723,artist-stations:723,,,,,,,,,,,,
https://i1.sndcdn.com/artworks-EoOF0fMuOzxibKxA-gz4UrQ-large.jpg,,True,3,2010-06-02T09:32:23Z,Follow me @ www.twitter.com/OMGitsPatrik,False,0,466829,466829,all,Techno,False,3236230,track,,2021-03-15T13:06:40Z,all-rights-reserved,7,patrik_bjorkman-porche,https://soundcloud.com/patrik/patrik_bjorkman-porche,297,True,,,,0,,public,finished,True,Disco Beat Record Funky,Patrik Björkman - Porsche,single-track,https://api.soundcloud.com/tracks/3236230,soundcloud:tracks:3236230,723,,https://wave.sndcdn.com/adsvw11fLo0g_m.json,2010-06-02T09:32:23Z,soundcloud:system-playlists:track-stations:3236230,track-stations:3236230,eyJ0eXAiOiJKV1QiLCJhbGciOiJIUzI1NiJ9.eyJnZW8iOiJWTiIsInN1YiI6IiIsInJpZCI6IjA5MDRkYWQwLTlmZWQtNDQ3Ni05YzQ2LWYxMzJiNzQ1NzEzNyIsImlhdCI6MTY0NTE1OTA4NX0.Sf6cNiGGFITi4rPyb8-9RROpWL0l1rIWf4TTXmWIn-o,NOT_APPLICABLE,ALLOW,723,3236230.0,soundcloud:tracks:3236230,"[{'url': 'https://api-v2.soundcloud.com/media/soundcloud:tracks:3236230/26b2f177-39cf-4892-bb1e-6337e9f67c82/stream/hls', 'preset': 'mp3_0_0', 'duration': 466829, 'snipped': False, 'format': {'protocol': 'hls', 'mime_type': 'audio/mpeg'}, 'quality': 'sq'}, {'url': 'https://api-v2.soundcloud.com/media/soundcloud:tracks:3236230/26b2f177-39cf-4892-bb1e-6337e9f67c82/stream/progressive', 'preset': 'mp3_0_0', 'duration': 466829, 'snipped': False, 'format': {'protocol': 'progressive', 'mime_type': 'audio/mpeg'}, 'quality': 'sq'}]",https://i1.sndcdn.com/avatars-D29VpQKMzUKouLCa-9yywyA-large.jpg,Patrik,707,Patrik Björkman,723,user,2022-01-28T08:57:34Z,Björkman,patrik,https://soundcloud.com/patrik,https://api.soundcloud.com/users/723,soundcloud:users:723,PATRIK,False,Stockholm,SE,False,False,False,soundcloud:system-playlists:artist-stations:723,artist-stations:723,,,,,,,,,,,,
https://i1.sndcdn.com/artworks-000001565834-mwbird-large.jpg,,True,1,2007-11-29T09:07:30Z,,False,0,441182,441182,all,Techno,False,1420,track,Audioholics Anonymous Recordings,2019-03-29T05:12:52Z,all-rights-reserved,5,bedside-manners,https://soundcloud.com/patrik/bedside-manners,349,True,,https://www.beatport.com/en-US/html/content/release/detail/87696/Bedside%20Manners,2007-12-12T00:00:00Z,1,,public,finished,True,,Patrik Björkman - Bedside Manners,single-track,https://api.soundcloud.com/tracks/1420,soundcloud:tracks:1420,723,,https://wave.sndcdn.com/LQAZlKaAgPDR_m.json,2007-11-29T09:07:30Z,soundcloud:system-playlists:track-stations:1420,track-stations:1420,eyJ0eXAiOiJKV1QiLCJhbGciOiJIUzI1NiJ9.eyJnZW8iOiJWTiIsInN1YiI6IiIsInJpZCI6Ijk4MGVkZTllLWExMDUtNDhiNi1iNjVlLTg4N2Y2ZDUxZmI5MiIsImlhdCI6MTY0NTE1OTA4NX0.pOiuLokWmFEu_PufJblXsgExJQMdIGi2Eweve6bRppI,NOT_APPLICABLE,ALLOW,723,,,"[{'url': 'https://api-v2.soundcloud.com/media/soundcloud:tracks:1420/42bc2b35-ff09-4d21-91c6-bd449c81d4ec/stream/hls', 'preset': 'mp3_0_0', 'duration': 441182, 'snipped': False, 'format': {'protocol': 'hls', 'mime_type': 'audio/mpeg'}, 'quality': 'sq'}, {'url': 'https://api-v2.soundcloud.com/media/soundcloud:tracks:1420/42bc2b35-ff09-4d21-91c6-bd449c81d4ec/stream/progressive', 'preset': 'mp3_0_0', 'duration': 441182, 'snipped': False, 'format': {'protocol': 'progressive', 'mime_type': 'audio/mpeg'}, 'quality': 'sq'}]",https://i1.sndcdn.com/avatars-D29VpQKMzUKouLCa-9yywyA-large.jpg,Patrik,707,Patrik Björkman,723,user,2022-01-28T08:57:34Z,Björkman,patrik,https://soundcloud.com/patrik,https://api.soundcloud.com/users/723,soundcloud:users:723,PATRIK,False,Stockholm,SE,False,False,False,soundcloud:system-playlists:artist-stations:723,artist-stations:723,,,,,,,,,,,,
https://i1.sndcdn.com/artworks-000000034453-798457-large.jpg,,True,0,2008-08-19T12:22:05Z,"Att älta eller inte älta? Det är frågan för detta tredje avsnitt av Radio R där vi tar hjälp av psykologen och forskaren Edward Watkins och ger dig tre tips för hur du ältar på bästa sätt!

Det har nu gått en tid sedan Sigmund Freud gjorde sin analys av Hamlet. Det är dags för en ny. Radio Rorschachs analys är att Hamlet ältar.",False,0,408450,408450,all,,False,19854,track,,2008-08-19T12:22:05Z,all-rights-reserved,2,rr-3-att-alta-eller-inte-alta,https://soundcloud.com/johnjohn/rr-3-att-alta-eller-inte-alta,202,True,,,,0,,public,finished,True,,RR 3 Att älta eller inte älta ,single-track,https://api.soundcloud.com/tracks/19854,soundcloud:tracks:19854,259,,https://wave.sndcdn.com/kIfhfoZ9W1pB_m.json,2008-08-19T12:22:05Z,soundcloud:system-playlists:track-stations:19854,track-stations:19854,eyJ0eXAiOiJKV1QiLCJhbGciOiJIUzI1NiJ9.eyJnZW8iOiJWTiIsInN1YiI6IiIsInJpZCI6IiIsImlhdCI6MTY0NTE1OTA4OX0.mfk2LN-0ORqtfW5fkxOwZGodpJLEu39RJMAlNr7Nj2g,NOT_APPLICABLE,ALLOW,259,,,"[{'url': 'https://api-v2.soundcloud.com/media/soundcloud:tracks:19854/67923193-fc1a-4f40-89f2-397794231193/stream/hls', 'preset': 'mp3_0_0', 'duration': 408450, 'snipped': False, 'format': {'protocol': 'hls', 'mime_type': 'audio/mpeg'}, 'quality': 'sq'}, {'url': 'https://api-v2.soundcloud.com/media/soundcloud:tracks:19854/67923193-fc1a-4f40-89f2-397794231193/stream/progressive', 'preset': 'mp3_0_0', 'duration': 408450, 'snipped': False, 'format': {'protocol': 'progressive', 'mime_type': 'audio/mpeg'}, 'quality': 'sq'}]",https://a1.sndcdn.com/images/default_avatar_large.png,John,153,John Airaksinen,259,user,2018-01-11T09:35:07Z,Airaksinen,johnjohn,https://soundcloud.com/johnjohn,https://api.soundcloud.com/users/259,soundcloud:users:259,johnjohn,False,,,False,False,False,soundcloud:system-playlists:artist-stations:259,artist-stations:259,,,,,,,,,,,,
https://i1.sndcdn.com/artworks-000000027550-d9743c-large.jpg,,True,5,2008-08-08T12:47:13Z,Publiken ger sig in i diskussionen: Kan helt automatiserad behandling på nätet fungera? Är det bra att människor som lider av psykiska problem samlas och diskuterar på sajter som terapisnack.com? ,False,0,588930,588930,all,,False,17143,track,,2018-08-02T11:54:26Z,all-rights-reserved,2,psykologifabrikens-panel-psykologer-internet-del-3,https://soundcloud.com/johnjohn/psykologifabrikens-panel-psykologer-internet-del-3,212,True,,,,0,,public,finished,True,,Psykologifabrikens panel - Psykologer & internet del 3,single-track,https://api.soundcloud.com/tracks/17143,soundcloud:tracks:17143,259,,https://wave.sndcdn.com/xNuC2lM7khFF_m.json,2008-08-08T12:47:13Z,soundcloud:system-playlists:track-stations:17143,track-stations:17143,eyJ0eXAiOiJKV1QiLCJhbGciOiJIUzI1NiJ9.eyJnZW8iOiJWTiIsInN1YiI6IiIsInJpZCI6IiIsImlhdCI6MTY0NTE1OTA4OX0.mfk2LN-0ORqtfW5fkxOwZGodpJLEu39RJMAlNr7Nj2g,NOT_APPLICABLE,ALLOW,259,,,"[{'url': 'https://api-v2.soundcloud.com/media/soundcloud:tracks:17143/02d28cb1-058b-4f66-a716-f8e59b9a6bbe/stream/hls', 'preset': 'mp3_0_0', 'duration': 588930, 'snipped': False, 'format': {'protocol': 'hls', 'mime_type': 'audio/mpeg'}, 'quality': 'sq'}, {'url': 'https://api-v2.soundcloud.com/media/soundcloud:tracks:17143/02d28cb1-058b-4f66-a716-f8e59b9a6bbe/stream/progressive', 'preset': 'mp3_0_0', 'duration': 588930, 'snipped': False, 'format': {'protocol': 'progressive', 'mime_type': 'audio/mpeg'}, 'quality': 'sq'}]",https://a1.sndcdn.com/images/default_avatar_large.png,John,153,John Airaksinen,259,user,2018-01-11T09:35:07Z,Airaksinen,johnjohn,https://soundcloud.com/johnjohn,https://api.soundcloud.com/users/259,soundcloud:users:259,johnjohn,False,,,False,False,False,soundcloud:system-playlists:artist-stations:259,artist-stations:259,,,,,,,,,,,,
https://i1.sndcdn.com/artworks-000000027523-5b2715-large.jpg,,True,3,2008-08-08T12:36:33Z,"Hur kan man som psykolog marknadsföra sig via internet? Vi snackar om hur man kan använda Googles annonstjänst AdWords och psykologiföretaget WeMind som samarbetar med Aftonbladet.se för att pusha sin sajt Sömnklubben.se.
                    Och hur påverkas relationen mellan klient och terapeut av att alla är sökbara offentliga personer på internet? Kan en offentlig Flickr-ström med 800 bilder ur privatlivet påverka behandlingskvaliteten?",False,0,545358,545358,all,,False,17140,track,,2008-08-08T12:36:33Z,all-rights-reserved,1,psykologifabrikens-panel-psykologer-internet-del-2,https://soundcloud.com/johnjohn/psykologifabrikens-panel-psykologer-internet-del-2,150,True,,,,0,,public,finished,True,,Psykologifabrikens panel - Psykologer & internet del 2,single-track,https://api.soundcloud.com/tracks/17140,soundcloud:tracks:17140,259,,https://wave.sndcdn.com/Y4OpDGQLb6FE_m.json,2008-08-08T12:36:33Z,soundcloud:system-playlists:track-stations:17140,track-stations:17140,eyJ0eXAiOiJKV1QiLCJhbGciOiJIUzI1NiJ9.eyJnZW8iOiJWTiIsInN1YiI6IiIsInJpZCI6IiIsImlhdCI6MTY0NTE1OTA4OX0.mfk2LN-0ORqtfW5fkxOwZGodpJLEu39RJMAlNr7Nj2g,NOT_APPLICABLE,ALLOW,259,,,"[{'url': 'https://api-v2.soundcloud.com/media/soundcloud:tracks:17140/56ec48a2-effe-4fb0-96da-68bb3e9f0cc9/stream/hls', 'preset': 'mp3_0_0', 'duration': 545358, 'snipped': False, 'format': {'protocol': 'hls', 'mime_type': 'audio/mpeg'}, 'quality': 'sq'}, {'url': 'https://api-v2.soundcloud.com/media/soundcloud:tracks:17140/56ec48a2-effe-4fb0-96da-68bb3e9f0cc9/stream/progressive', 'preset': 'mp3_0_0', 'duration': 545358, 'snipped': False, 'format': {'protocol': 'progressive', 'mime_type': 'audio/mpeg'}, 'quality': 'sq'}]",https://a1.sndcdn.com/images/default_avatar_large.png,John,153,John Airaksinen,259,user,2018-01-11T09:35:07Z,Airaksinen,johnjohn,https://soundcloud.com/johnjohn,https://api.soundcloud.com/users/259,soundcloud:users:259,johnjohn,False,,,False,False,False,soundcloud:system-playlists:artist-stations:259,artist-stations:259,,,,,,,,,,,,
https://i1.sndcdn.com/artworks-000000027514-c8cff2-large.jpg,,True,2,2008-08-08T12:21:28Z,"Vi pratar bland annat om svensk spjutspetsforskning om parterapi över internet och forskaren som har megalomaniska planer på gratis internetterapi åt alla.
                                      
                                      I panelen: 
                                      John Airaksinen, journalist och psykologstudent (Uppsala termin 5) 
                                      Oskar Henriksson, anställd på psykologiföretaget Cute och psykologstudent (Linköping termin 9) 
                                      Jonas Mosskin, bloggare och psykologstudent (Stockholm, termin 5)",False,0,423497,423497,all,,False,17137,track,,2008-08-08T12:21:28Z,all-rights-reserved,0,psykologifabrikens-panel-del-1-andra-forsoket,https://soundcloud.com/johnjohn/psykologifabrikens-panel-del-1-andra-forsoket,265,True,,,,0,,public,finished,True,,Psykologifabrikens panel - Psykologer & internet del 1,single-track,https://api.soundcloud.com/tracks/17137,soundcloud:tracks:17137,259,,https://wave.sndcdn.com/NUbkeED6oivF_m.json,2008-08-08T12:21:28Z,soundcloud:system-playlists:track-stations:17137,track-stations:17137,eyJ0eXAiOiJKV1QiLCJhbGciOiJIUzI1NiJ9.eyJnZW8iOiJWTiIsInN1YiI6IiIsInJpZCI6IiIsImlhdCI6MTY0NTE1OTA4OX0.mfk2LN-0ORqtfW5fkxOwZGodpJLEu39RJMAlNr7Nj2g,NOT_APPLICABLE,ALLOW,259,,,"[{'url': 'https://api-v2.soundcloud.com/media/soundcloud:tracks:17137/21a249ab-05a2-4ee7-841e-b3824407d8d7/stream/hls', 'preset': 'mp3_0_0', 'duration': 423497, 'snipped': False, 'format': {'protocol': 'hls', 'mime_type': 'audio/mpeg'}, 'quality': 'sq'}, {'url': 'https://api-v2.soundcloud.com/media/soundcloud:tracks:17137/21a249ab-05a2-4ee7-841e-b3824407d8d7/stream/progressive', 'preset': 'mp3_0_0', 'duration': 423497, 'snipped': False, 'format': {'protocol': 'progressive', 'mime_type': 'audio/mpeg'}, 'quality': 'sq'}]",https://a1.sndcdn.com/images/default_avatar_large.png,John,153,John Airaksinen,259,user,2018-01-11T09:35:07Z,Airaksinen,johnjohn,https://soundcloud.com/johnjohn,https://api.soundcloud.com/users/259,soundcloud:users:259,johnjohn,False,,,False,False,False,soundcloud:system-playlists:artist-stations:259,artist-stations:259,,,,,,,,,,,,
,,True,17,2009-02-28T14:01:54Z,"Malice Days from the album ""A Highway Farewell""",False,0,249835,249835,all,,False,163904,track,,2018-10-30T09:37:26Z,all-rights-reserved,73,in-words-alone,https://soundcloud.com/jesuisiriis/in-words-alone,951,True,,,,5,,public,finished,True,,In words alone,single-track,https://api.soundcloud.com/tracks/163904,soundcloud:tracks:163904,147,,https://wave.sndcdn.com/fOplx6vWvqEz_m.json,2009-02-28T14:01:54Z,soundcloud:system-playlists:track-stations:163904,track-stations:163904,eyJ0eXAiOiJKV1QiLCJhbGciOiJIUzI1NiJ9.eyJnZW8iOiJWTiIsInN1YiI6IiIsInJpZCI6IjhkNTI0NTliLWZmZGItNDJhNS1hYmRhLTBhMDU1MTUwMzg3NiIsImlhdCI6MTY0NTE1OTA5MX0.3NeHafaa0y37-_giwFlqB1ZmjxUlqxUOgBHLBerfus0,NOT_APPLICABLE,ALLOW,147,,,"[{'url': 'https://api-v2.soundcloud.com/media/soundcloud:tracks:163904/f2099fbe-4682-4503-8e9f-08ae5dafd6d7/stream/hls', 'preset': 'mp3_0_0', 'duration': 249835, 'snipped': False, 'format': {'protocol': 'hls', 'mime_type': 'audio/mpeg'}, 'quality': 'sq'}, {'url': 'https://api-v2.soundcloud.com/media/soundcloud:tracks:163904/f2099fbe-4682-4503-8e9f-08ae5dafd6d7/stream/progressive', 'preset': 'mp3_0_0', 'duration': 249835, 'snipped': False, 'format': {'protocol': 'progressive', 'mime_type': 'audio/mpeg'}, 'quality': 'sq'}]",https://i1.sndcdn.com/avatars-000077597091-sfhig8-large.jpg,Susanna,493,Susanna Sjödin,147,user,2014-04-12T08:22:01Z,Sjödin,jesuisiriis,https://soundcloud.com/jesuisiriis,https://api.soundcloud.com/users/147,soundcloud:users:147,jesuisiriis,False,Stockholm,SE,False,False,False,soundcloud:system-playlists:artist-stations:147,artist-stations:147,,,,,,,,,,,,
,,True,25,2007-09-20T18:38:18Z,,False,0,413816,413816,none,,False,279,track,,2019-03-29T05:12:52Z,all-rights-reserved,65,people-get-ready,https://soundcloud.com/jesuisiriis/people-get-ready,1089,True,,,,6,,public,finished,False,,People Get Ready,single-track,https://api.soundcloud.com/tracks/279,soundcloud:tracks:279,147,,https://wave.sndcdn.com/w6wF0Vj2FZnL_m.json,2007-09-20T18:38:18Z,soundcloud:system-playlists:track-stations:279,track-stations:279,eyJ0eXAiOiJKV1QiLCJhbGciOiJIUzI1NiJ9.eyJnZW8iOiJWTiIsInN1YiI6IiIsInJpZCI6IjM3YmI0NWM0LWZhNmMtNGVkZC1iZjVjLTBlZTJmODIyN2Y1MCIsImlhdCI6MTY0NTE1OTA5MX0.4d8Fu6FnZ1ESmnhBTSGYmhaPUXX0nmGiy2241S4MCTo,NOT_APPLICABLE,ALLOW,147,,,"[{'url': 'https://api-v2.soundcloud.com/media/soundcloud:tracks:279/aa8d8d27-189d-48ea-8c53-981fb369ee47/stream/hls', 'preset': 'mp3_0_0', 'duration': 413816, 'snipped': False, 'format': {'protocol': 'hls', 'mime_type': 'audio/mpeg'}, 'quality': 'sq'}, {'url': 'https://api-v2.soundcloud.com/media/soundcloud:tracks:279/aa8d8d27-189d-48ea-8c53-981fb369ee47/stream/progressive', 'preset': 'mp3_0_0', 'duration': 413816, 'snipped': False, 'format': {'protocol': 'progressive', 'mime_type': 'audio/mpeg'}, 'quality': 'sq'}]",https://i1.sndcdn.com/avatars-000077597091-sfhig8-large.jpg,Susanna,493,Susanna Sjödin,147,user,2014-04-12T08:22:01Z,Sjödin,jesuisiriis,https://soundcloud.com/jesuisiriis,https://api.soundcloud.com/users/147,soundcloud:users:147,jesuisiriis,False,Stockholm,SE,False,False,False,soundcloud:system-playlists:artist-stations:147,artist-stations:147,,,,,,,,,,,,
,,True,8,2007-09-20T18:30:24Z,"Malice Days is a country-folk music project consisting of Anders Widd, David Bolin, Susanna Sjödin, Gustav Rydeman, Simon Kallioinen, Stephan Brian, Marcus Dahlström and Liselott Persson.",False,0,278961,278961,me,,False,278,track,,2019-03-29T05:12:52Z,all-rights-reserved,46,dead-end,https://soundcloud.com/jesuisiriis/dead-end,558,True,,,,3,,public,finished,True,,Dead End,single-track,https://api.soundcloud.com/tracks/278,soundcloud:tracks:278,147,,https://wave.sndcdn.com/ERCCN4uBo9Bz_m.json,2007-09-20T18:30:24Z,soundcloud:system-playlists:track-stations:278,track-stations:278,eyJ0eXAiOiJKV1QiLCJhbGciOiJIUzI1NiJ9.eyJnZW8iOiJWTiIsInN1YiI6IiIsInJpZCI6ImNhYTQyZDU5LTE5NjMtNDcyMy05OGRhLTBhOTY0N2IzMmI4NCIsImlhdCI6MTY0NTE1OTA5MX0.NElsfE-QfepeSFHd9-JZ9jZQ8C06MSt579jYgTWZMRs,NOT_APPLICABLE,ALLOW,147,,,"[{'url': 'https://api-v2.soundcloud.com/media/soundcloud:tracks:278/86d1321a-7204-4bca-8c35-9b7dcdb6ebb2/stream/hls', 'preset': 'mp3_0_0', 'duration': 278961, 'snipped': False, 'format': {'protocol': 'hls', 'mime_type': 'audio/mpeg'}, 'quality': 'sq'}, {'url': 'https://api-v2.soundcloud.com/media/soundcloud:tracks:278/86d1321a-7204-4bca-8c35-9b7dcdb6ebb2/stream/progressive', 'preset': 'mp3_0_0', 'duration': 278961, 'snipped': False, 'format': {'protocol': 'progressive', 'mime_type': 'audio/mpeg'}, 'quality': 'sq'}]",https://i1.sndcdn.com/avatars-000077597091-sfhig8-large.jpg,Susanna,493,Susanna Sjödin,147,user,2014-04-12T08:22:01Z,Sjödin,jesuisiriis,https://soundcloud.com/jesuisiriis,https://api.soundcloud.com/users/147,soundcloud:users:147,jesuisiriis,False,Stockholm,SE,False,False,False,soundcloud:system-playlists:artist-stations:147,artist-stations:147,,,,,,,,,,,,
