created_at,kind,userid,playlist.artwork_url,playlist.created_at,playlist.duration,playlist.id,playlist.kind,playlist.last_modified,playlist.likes_count,playlist.managed_by_feeds,playlist.permalink,playlist.permalink_url,playlist.public,playlist.reposts_count,playlist.secret_token,playlist.sharing,playlist.title,playlist.track_count,playlist.uri,playlist.user_id,playlist.set_type,playlist.is_album,playlist.published_at,playlist.release_date,playlist.display_date,playlist.user.avatar_url,playlist.user.first_name,playlist.user.followers_count,playlist.user.full_name,playlist.user.id,playlist.user.kind,playlist.user.last_modified,playlist.user.last_name,playlist.user.permalink,playlist.user.permalink_url,playlist.user.uri,playlist.user.urn,playlist.user.username,playlist.user.verified,playlist.user.city,playlist.user.country_code,playlist.user.badges.pro,playlist.user.badges.pro_unlimited,playlist.user.badges.verified,playlist.user.station_urn,playlist.user.station_permalink
2014-10-11T16:37:41Z,like,67777199,,2014-05-20T21:26:22Z,535950,35823558,playlist,2014-07-18T07:25:36Z,7115,False,shatter-me-1,https://soundcloud.com/lindseystomp/sets/shatter-me-1,True,1388,,public,Shatter Me,2,https://api.soundcloud.com/playlists/35823558,9176545,,False,,,2014-05-20T21:26:22Z,https://i1.sndcdn.com/avatars-TZoeab9UxEqFVtjt-B8pR3g-large.jpg,Lindsey,170174,Lindsey Stirling,9176545,user,2021-01-14T21:36:27Z,Stirling,lindseystomp,https://soundcloud.com/lindseystomp,https://api.soundcloud.com/users/9176545,soundcloud:users:9176545,lindseystomp,True,Provo,US,False,True,True,soundcloud:system-playlists:artist-stations:9176545,artist-stations:9176545
2013-11-24T09:43:36Z,like,67777199,https://i1.sndcdn.com/artworks-000051162663-bd490x-large.jpg,2013-06-21T20:41:49Z,1906425,6981471,playlist,2013-11-22T20:03:40Z,13363,False,lindsey-stirling,https://soundcloud.com/lindseystomp/sets/lindsey-stirling,True,3165,,public,Lindsey Stirling,6,https://api.soundcloud.com/playlists/6981471,9176545,album,True,,,2013-06-21T20:41:49Z,https://i1.sndcdn.com/avatars-TZoeab9UxEqFVtjt-B8pR3g-large.jpg,Lindsey,170174,Lindsey Stirling,9176545,user,2021-01-14T21:36:27Z,Stirling,lindseystomp,https://soundcloud.com/lindseystomp,https://api.soundcloud.com/users/9176545,soundcloud:users:9176545,lindseystomp,True,Provo,US,False,True,True,soundcloud:system-playlists:artist-stations:9176545,artist-stations:9176545
2013-09-27T19:01:07Z,like,30658758,,2012-12-23T10:50:38Z,238143,3076280,playlist,2013-01-23T16:37:10Z,8,False,sarvesh-1,https://soundcloud.com/sarvesh-3/sets/sarvesh-1,True,0,,public,sarvesh,1,https://api.soundcloud.com/playlists/3076280,27215407,,False,,,2012-12-23T10:50:38Z,https://i1.sndcdn.com/avatars-000036987375-6r7jak-large.jpg,sarvesh,281,sarvesh,27215407,user,2019-05-12T18:00:00Z,,sarvesh-3,https://soundcloud.com/sarvesh-3,https://api.soundcloud.com/users/27215407,soundcloud:users:27215407,sarvesh-3,False,cottage,MU,False,False,False,soundcloud:system-playlists:artist-stations:27215407,artist-stations:27215407
2013-09-20T15:47:29Z,like,30658758,https://i1.sndcdn.com/artworks-000047814949-r9aqu6-large.jpg,2013-05-12T06:51:00Z,3809468,5606137,playlist,2013-05-12T06:54:23Z,57,False,bollywood-bootleg-vol-1,https://soundcloud.com/djtrevish-1/sets/bollywood-bootleg-vol-1,True,8,,public,Bollywood Bootleg Vol 1,10,https://api.soundcloud.com/playlists/5606137,44517015,,False,,,2013-05-12T06:51:00Z,https://i1.sndcdn.com/avatars-000041471494-zjoti5-large.jpg,Bhavish,1044,Bhavish Dhotah,44517015,user,2013-05-12T07:00:47Z,Dhotah,djtrevish-1,https://soundcloud.com/djtrevish-1,https://api.soundcloud.com/users/44517015,soundcloud:users:44517015,Djtrevish,False,"Maurel Rd,Riv.du.Rempart",MU,False,False,False,soundcloud:system-playlists:artist-stations:44517015,artist-stations:44517015
2012-12-19T07:52:28Z,like,30658758,,2012-08-26T17:20:59Z,34479580,2402169,playlist,2012-08-26T17:21:14Z,11,False,ayeshas-recordings,https://soundcloud.com/ayesha-amin/sets/ayeshas-recordings,True,1,,public,Ayesha's recordings,19,https://api.soundcloud.com/playlists/2402169,22748870,album,True,,,2012-08-26T17:20:59Z,https://i1.sndcdn.com/avatars-000021127127-u8vyug-large.jpg,Ayesha,377,Ayesha Amin,22748870,user,2012-08-24T08:08:50Z,Amin,ayesha-amin,https://soundcloud.com/ayesha-amin,https://api.soundcloud.com/users/22748870,soundcloud:users:22748870,Ayesha Amin,False,,,False,False,False,soundcloud:system-playlists:artist-stations:22748870,artist-stations:22748870
2012-12-19T06:55:54Z,like,30658758,,2012-12-14T06:40:39Z,294035,2975631,playlist,2012-12-14T06:40:40Z,1,False,niisa,https://soundcloud.com/vanessenrungasamy/sets/niisa,True,0,,public,niisa,1,https://api.soundcloud.com/playlists/2975631,5765524,,False,,,2012-12-14T06:40:39Z,https://i1.sndcdn.com/avatars-000004578322-ytwzeg-large.jpg,dj,55,dj angel,5765524,user,2013-07-29T21:22:40Z,angel,vanessenrungasamy,https://soundcloud.com/vanessenrungasamy,https://api.soundcloud.com/users/5765524,soundcloud:users:5765524,vanessenrungasamy,False,,MU,False,False,False,soundcloud:system-playlists:artist-stations:5765524,artist-stations:5765524
2016-05-20T15:44:38Z,like,57385580,https://i1.sndcdn.com/artworks-000163568134-ul0ntz-large.jpg,2016-05-19T16:52:49Z,1900626,226488534,playlist,2016-05-19T17:00:38Z,6882,False,suck-on-this-mixtape,https://soundcloud.com/dieantwoord/sets/suck-on-this-mixtape,True,1425,,public,SUCK ON THIS MIXTAPE,13,https://api.soundcloud.com/playlists/226488534,1299084,,False,2016-05-19T16:52:49Z,,2016-05-19T16:52:49Z,https://i1.sndcdn.com/avatars-000733356094-iv5sqt-large.jpg,,104081,,1299084,user,2020-11-18T17:45:15Z,,dieantwoord,https://soundcloud.com/dieantwoord,https://api.soundcloud.com/users/1299084,soundcloud:users:1299084,Die Antwoord,True,,,False,False,True,soundcloud:system-playlists:artist-stations:1299084,artist-stations:1299084
2013-02-27T03:37:24Z,like,37637834,https://i1.sndcdn.com/artworks-000017653110-z4wyhx-large.jpg,2012-02-01T02:59:55Z,17675331,1570452,playlist,2013-01-14T06:52:03Z,109,False,pepe-mogt-cassette,https://soundcloud.com/pepemogt/sets/pepe-mogt-cassette,True,16,,public,Pepe Mogt Cassette,63,https://api.soundcloud.com/playlists/1570452,566139,compilation,True,,,2012-02-01T02:59:55Z,https://i1.sndcdn.com/avatars-000618623559-2s4fky-large.jpg,Pepe,16270,Pepe Mogt - From Nortec Collective Fussi,566139,user,2021-03-11T20:53:29Z,Mogt - From Nortec Collective Fussi,pepemogt,https://soundcloud.com/pepemogt,https://api.soundcloud.com/users/566139,soundcloud:users:566139,Pepe Mogt,True,San Diego,US,False,True,True,soundcloud:system-playlists:artist-stations:566139,artist-stations:566139
2021-04-23T21:40:02Z,like,45668878,https://i1.sndcdn.com/artworks-mDsLDbWWUf9BuTEp-zCRoKQ-large.jpg,2021-04-16T03:40:48Z,4514847,1243361782,playlist,2021-04-16T04:05:31Z,20356,False,slime-language-2,https://soundcloud.com/youngstonerliferecords/sets/slime-language-2,True,1113,,public,Slime Language 2,23,https://api.soundcloud.com/playlists/1243361782,307947717,album,True,2021-04-16T03:59:58Z,2021-04-14T00:00:00Z,2021-04-16T03:59:58Z,https://i1.sndcdn.com/avatars-GSWbgzCqs7xCgzmy-MjKw2A-large.jpg,,38396,,307947717,user,2021-04-21T14:55:06Z,,youngstonerliferecords,https://soundcloud.com/youngstonerliferecords,https://api.soundcloud.com/users/307947717,soundcloud:users:307947717,YOUNG STONER LIFE,True,Atlanta,US,False,False,True,soundcloud:system-playlists:artist-stations:307947717,artist-stations:307947717
2015-06-04T19:03:32Z,like,82572450,,2015-05-21T00:44:10Z,5945210,109582267,playlist,2015-05-21T00:48:45Z,3,False,ryans-songs,https://soundcloud.com/ryan-smith-531/sets/ryans-songs,True,1,,public,Ryan's Songs?,20,https://api.soundcloud.com/playlists/109582267,82572450,,False,,,2015-05-21T00:44:10Z,https://i1.sndcdn.com/avatars-000133838368-zttezf-large.jpg,Ryan,48,Ryan Smith,82572450,user,2015-03-02T21:25:57Z,Smith,ryan-smith-531,https://soundcloud.com/ryan-smith-531,https://api.soundcloud.com/users/82572450,soundcloud:users:82572450,Ryan Smith 482,False,,,False,False,False,soundcloud:system-playlists:artist-stations:82572450,artist-stations:82572450
2016-08-30T00:48:56Z,like,10924222,https://i1.sndcdn.com/artworks-000064462098-7oel6p-large.jpg,2013-12-03T23:12:25Z,36854049,16230339,playlist,2014-12-13T23:36:42Z,642,False,mackenziehasgreattasteinmusic,https://soundcloud.com/mackenziestith/sets/mackenziehasgreattasteinmusic,True,109,,public,mackenziehasgreattasteinmusic,98,https://api.soundcloud.com/playlists/16230339,69033525,,False,,,2013-12-03T23:12:25Z,https://i1.sndcdn.com/avatars-000062002224-2m5eeq-large.jpg,,3305,,69033525,user,2017-01-28T22:55:56Z,,mackenziestith,https://soundcloud.com/mackenziestith,https://api.soundcloud.com/users/69033525,soundcloud:users:69033525,mackenziestith,False,,,False,False,False,soundcloud:system-playlists:artist-stations:69033525,artist-stations:69033525
2017-10-03T01:19:25Z,like,24274503,,2017-01-21T12:52:50Z,1092592,293572036,playlist,2017-02-07T20:35:49Z,17,False,soulpower,https://soundcloud.com/iamjorm/sets/soulpower,True,3,,public,Feelgood,7,https://api.soundcloud.com/playlists/293572036,102654513,,False,2017-01-21T12:52:50Z,,2017-01-21T12:52:50Z,https://i1.sndcdn.com/avatars-lK1mXj8fhm2AHxyu-DlKRQA-large.jpg,,16183,,102654513,user,2021-09-06T07:20:32Z,,iamjorm,https://soundcloud.com/iamjorm,https://api.soundcloud.com/users/102654513,soundcloud:users:102654513,Jorm,False,Stockholm,SE,False,False,False,soundcloud:system-playlists:artist-stations:102654513,artist-stations:102654513
2017-03-21T08:11:31Z,like,24274503,,2016-05-07T04:29:04Z,66831837,222830605,playlist,2018-11-24T23:32:30Z,96,False,tribute-to-joji,https://soundcloud.com/kobe-williams-334263217/sets/tribute-to-joji,True,13,,public,Tribute to Joji,284,https://api.soundcloud.com/playlists/222830605,225043693,,False,,,2016-05-07T04:29:04Z,https://i1.sndcdn.com/avatars-000222950990-yga89s-large.jpg,Kobe,12,Kobe Williams,225043693,user,2016-05-07T04:26:54Z,Williams,kobe-williams-334263217,https://soundcloud.com/kobe-williams-334263217,https://api.soundcloud.com/users/225043693,soundcloud:users:225043693,Kobe Williams,False,,,False,False,False,soundcloud:system-playlists:artist-stations:225043693,artist-stations:225043693
2014-04-28T22:47:38Z,like,24274503,https://i1.sndcdn.com/artworks-000077463453-hpr3ue-large.jpg,2014-04-24T15:43:00Z,450390,31937456,playlist,2014-04-24T21:02:43Z,230,False,carbon-airways-you-walk-away-ep,https://soundcloud.com/cherrytreerecords/sets/carbon-airways-you-walk-away-ep,True,76,,public,Carbon Airways - You Walk Away (EP),5,https://api.soundcloud.com/playlists/31937456,984059,,False,,,2014-04-24T15:43:00Z,https://i1.sndcdn.com/avatars-000042784845-w2ne2z-large.jpg,Cherrytree,10147,Cherrytree Records,984059,user,2020-02-22T05:56:49Z,Records,cherrytreerecords,https://soundcloud.com/cherrytreerecords,https://api.soundcloud.com/users/984059,soundcloud:users:984059,Cherrytree Records,False,Los Angeles,US,False,False,False,soundcloud:system-playlists:artist-stations:984059,artist-stations:984059
2021-05-05T06:34:12Z,like,42542346,,2020-04-25T02:47:16Z,283676315,1039345480,playlist,2020-12-15T03:03:50Z,51,False,surah-yusuf-ramadan-2020,https://soundcloud.com/zikr/sets/surah-yusuf-ramadan-2020,True,4,,public,Surah Yusuf - Ramadan 2020 - Nouman Ali Khan,87,https://api.soundcloud.com/playlists/1039345480,117104664,,False,2020-04-25T02:47:16Z,,2020-04-25T02:47:16Z,https://i1.sndcdn.com/avatars-Eh21IfPuTWQvcS0M-X4ptsQ-large.jpg,Islamic,7706,Islamic Lectures,117104664,user,2021-02-18T22:45:02Z,Lectures,zikr,https://soundcloud.com/zikr,https://api.soundcloud.com/users/117104664,soundcloud:users:117104664,Zikr,False,,,False,True,False,soundcloud:system-playlists:artist-stations:117104664,artist-stations:117104664
2019-11-24T16:14:37Z,like,42542346,,2018-10-16T13:41:25Z,53529737,624194052,playlist,2018-10-16T14:39:57Z,74,False,ia9m1a7unrmq,https://soundcloud.com/nabulsi-encyclopedia/sets/ia9m1a7unrmq,True,6,,public,العقيدة الطحاوية,20,https://api.soundcloud.com/playlists/624194052,192005496,,False,2018-10-16T13:41:25Z,,2018-10-16T13:41:25Z,https://i1.sndcdn.com/avatars-tdD34u4bbmRo6jRu-e27Osg-large.jpg,القناة الرسمية لموسوعة النابلسي,37912,القناة الرسمية لموسوعة النابلسي للعلوم الإسلامية,192005496,user,2022-02-15T10:23:48Z,للعلوم الإسلامية,nabulsi-encyclopedia,https://soundcloud.com/nabulsi-encyclopedia,https://api.soundcloud.com/users/192005496,soundcloud:users:192005496,موسوعة النابلسي,False,,,False,True,False,soundcloud:system-playlists:artist-stations:192005496,artist-stations:192005496
2017-05-07T19:24:00Z,like,42542346,,2016-11-20T21:12:46Z,7452684,277147137,playlist,2016-11-20T21:12:46Z,5,False,uxjt2tum0m66,https://soundcloud.com/user-593282424/sets/uxjt2tum0m66,True,0,,public,الشيخ الفيومي,18,https://api.soundcloud.com/playlists/277147137,197686208,,False,2016-11-20T21:12:46Z,,2016-11-20T21:12:46Z,https://i1.sndcdn.com/avatars-TSbSKsvIrQ9A4soZ-9tf7cA-large.jpg,,346,,197686208,user,2020-12-29T19:55:05Z,,user-593282424,https://soundcloud.com/user-593282424,https://api.soundcloud.com/users/197686208,soundcloud:users:197686208,Radwa,False,,,False,False,False,soundcloud:system-playlists:artist-stations:197686208,artist-stations:197686208
2016-11-15T19:57:17Z,like,42542346,https://i1.sndcdn.com/artworks-000185747497-ui255o-large.jpg,2016-09-28T22:15:05Z,0,263086882,playlist,2016-09-28T22:18:56Z,947,False,k0zwsrpslkpb,https://soundcloud.com/ma3azef/sets/k0zwsrpslkpb,True,248,,public,١٠ أغان نادرة لـ جورج وسوف,0,https://api.soundcloud.com/playlists/263086882,34565754,,False,2016-09-28T22:15:05Z,,2016-09-28T22:15:05Z,https://i1.sndcdn.com/avatars-wziJ4xz2bYeNRflR-XEwY1Q-large.jpg,Ma3azef.com,42150,Ma3azef.com,34565754,user,2022-02-16T11:52:20Z,,ma3azef,https://soundcloud.com/ma3azef,https://api.soundcloud.com/users/34565754,soundcloud:users:34565754,Ma3azef,True,,,False,True,True,soundcloud:system-playlists:artist-stations:34565754,artist-stations:34565754
2013-09-13T13:42:05Z,like,42542346,https://i1.sndcdn.com/artworks-000047353184-96ynop-large.jpg,2013-05-06T17:31:19Z,22382243,5436185,playlist,2013-05-06T18:42:23Z,130,False,p4rrb9ruoyor,https://soundcloud.com/amaar-bahnasy-el-demerdash/sets/p4rrb9ruoyor,True,44,,public,Marcel Khalife - مارسيل خليفة,45,https://api.soundcloud.com/playlists/5436185,15473606,,False,,,2013-05-06T17:31:19Z,https://i1.sndcdn.com/avatars-000013726305-y4234t-large.jpg,Amaar Bahnasy,281,Amaar Bahnasy El Demerdash,15473606,user,2017-12-09T14:15:56Z,El Demerdash,amaar-bahnasy-el-demerdash,https://soundcloud.com/amaar-bahnasy-el-demerdash,https://api.soundcloud.com/users/15473606,soundcloud:users:15473606,Amaar Bahnasy Demerdash,False,,,False,False,False,soundcloud:system-playlists:artist-stations:15473606,artist-stations:15473606
2013-01-06T01:14:58Z,like,32048299,https://i1.sndcdn.com/artworks-000013244302-xmwitg-large.jpg,2011-10-27T11:04:20Z,672173,1240849,playlist,2011-10-27T11:04:22Z,414,False,trivium-streaming-tracks,https://soundcloud.com/roadrunnerrecords/sets/trivium-streaming-tracks,True,77,,public,Trivium - Streaming Tracks,3,https://api.soundcloud.com/playlists/1240849,1546189,compilation,True,,,2011-10-27T11:04:20Z,https://i1.sndcdn.com/avatars-000218029785-kxtfgx-large.jpg,Roadrunner,2798394,Roadrunner Records,1546189,user,2021-05-18T10:40:15Z,Records,roadrunnerrecords,https://soundcloud.com/roadrunnerrecords,https://api.soundcloud.com/users/1546189,soundcloud:users:1546189,Roadrunner Records,True,London,GB,False,False,True,soundcloud:system-playlists:artist-stations:1546189,artist-stations:1546189
2013-01-06T01:14:24Z,like,32048299,https://i1.sndcdn.com/artworks-000025156381-ap2zbx-large.jpg,2012-03-30T07:20:21Z,1401554,1803719,playlist,2012-06-16T22:30:24Z,461,False,sprc12,https://soundcloud.com/smashingpumpkins/sets/sprc12,True,63,,public,Smashing Pumpkins Record Club,4,https://api.soundcloud.com/playlists/1803719,660293,,False,,,2012-03-30T07:20:21Z,https://i1.sndcdn.com/avatars-Wk6VzUePl3jW73gL-3xIolQ-large.jpg,,1129480,,660293,user,2020-12-16T22:38:22Z,,smashingpumpkins,https://soundcloud.com/smashingpumpkins,https://api.soundcloud.com/users/660293,soundcloud:users:660293,Smashing Pumpkins,True,Chicago,US,False,True,True,soundcloud:system-playlists:artist-stations:660293,artist-stations:660293
2013-01-06T01:09:11Z,like,32048299,https://i1.sndcdn.com/artworks-000036139914-olbw3o-large.jpg,2012-12-13T17:24:52Z,494229,2968270,playlist,2015-10-13T14:22:59Z,249,False,eels-wonderful-glorious,https://soundcloud.com/vagrantrecords/sets/eels-wonderful-glorious,True,33,,public,"EELS - Wonderful, Glorious (Preview)",2,https://api.soundcloud.com/playlists/2968270,505425,,False,,2013-02-05T00:00:00Z,2012-12-13T17:24:52Z,https://i1.sndcdn.com/avatars-000210157384-ucsnxw-large.jpg,,248306,,505425,user,2020-11-18T17:38:49Z,,vagrantrecords,https://soundcloud.com/vagrantrecords,https://api.soundcloud.com/users/505425,soundcloud:users:505425,Vagrant Records,True,Los Angeles,US,False,False,True,soundcloud:system-playlists:artist-stations:505425,artist-stations:505425
2016-01-23T08:54:44Z,like,40788376,,2015-03-04T15:32:46Z,236848,86272888,playlist,2015-03-04T15:32:46Z,1,False,love-you,https://soundcloud.com/sakea-marie-britton/sets/love-you,True,0,,public,love you,1,https://api.soundcloud.com/playlists/86272888,122214885,,False,,,2015-03-04T15:32:46Z,https://i1.sndcdn.com/avatars-000113663792-rg8pwk-large.jpg,sakea,29,sakea Britton,122214885,user,2014-11-10T02:39:10Z,Britton,sakea-marie-britton,https://soundcloud.com/sakea-marie-britton,https://api.soundcloud.com/users/122214885,soundcloud:users:122214885,Sakea Marie Britton,False,,,False,False,False,soundcloud:system-playlists:artist-stations:122214885,artist-stations:122214885
2014-02-25T16:00:12Z,like,77769331,https://i1.sndcdn.com/artworks-000056420133-cdssq9-large.jpg,2013-08-28T14:57:53Z,426982,9594346,playlist,2013-08-28T15:53:02Z,2872,False,big-k-r-i-t-just-last-week,https://soundcloud.com/bigkrit/sets/big-k-r-i-t-just-last-week,True,838,,public,Big K.R.I.T. - Just Last Week (feat. Future),1,https://api.soundcloud.com/playlists/9594346,9031681,,False,,,2013-08-28T14:57:53Z,https://i1.sndcdn.com/avatars-FeSdZfvzkedtrC8Y-AFpiZg-large.jpg,Big,8063536,Big K.R.I.T.,9031681,user,2022-01-28T12:04:18Z,K.R.I.T.,bigkrit,https://soundcloud.com/bigkrit,https://api.soundcloud.com/users/9031681,soundcloud:users:9031681,BIGKRIT,True,"Meridian, MS / Atlanta, GA",US,False,True,True,soundcloud:system-playlists:artist-stations:9031681,artist-stations:9031681
2014-01-30T00:57:17Z,like,77769331,https://i1.sndcdn.com/artworks-000049855642-ogn2c9-large.jpg,2013-06-05T17:03:06Z,4252013,6417266,playlist,2016-04-14T15:56:54Z,7053,False,wale-foalrin,https://soundcloud.com/walefolarin/sets/wale-foalrin,True,1330,,public,Wale  - Folarin,21,https://api.soundcloud.com/playlists/6417266,5949564,,False,,,2013-06-05T17:03:06Z,https://i1.sndcdn.com/avatars-dnxwg2eEyzJVtFyG-X6UYdw-large.jpg,Wale,8321609,Wale Folarin,5949564,user,2021-11-17T16:47:12Z,Folarin,walefolarin,https://soundcloud.com/walefolarin,https://api.soundcloud.com/users/5949564,soundcloud:users:5949564,WALE,True,Washington DC,,False,True,True,soundcloud:system-playlists:artist-stations:5949564,artist-stations:5949564
2017-04-05T20:01:30Z,like,3721342,,2015-09-02T01:51:06Z,68330171,140666938,playlist,2015-09-02T01:51:06Z,1,False,stringers-sins-stinger,https://soundcloud.com/eclectic-elle/sets/stringers-sins-stinger,True,0,,public,stringer's sins stinger,10,https://api.soundcloud.com/playlists/140666938,72340815,,False,,,2015-09-02T01:51:06Z,https://i1.sndcdn.com/avatars-000096215949-3aha81-large.jpg,Eclectic,12,Eclectic Elle,72340815,user,2014-10-30T11:47:18Z,Elle,eclectic-elle,https://soundcloud.com/eclectic-elle,https://api.soundcloud.com/users/72340815,soundcloud:users:72340815,Eclectic Elle,False,,,False,False,False,soundcloud:system-playlists:artist-stations:72340815,artist-stations:72340815
2016-04-14T00:05:06Z,like,3721342,https://i1.sndcdn.com/artworks-000150667397-o3mebj-large.jpg,2015-09-20T03:23:15Z,1153903735,146614910,playlist,2018-12-29T21:08:53Z,35,False,black-therapy,https://soundcloud.com/dan_stringer/sets/black-therapy,True,6,,public,Dan Stringer's Black Therapy - Radio WebPhre.com,158,https://api.soundcloud.com/playlists/146614910,4703721,,False,,,2015-09-20T03:23:15Z,https://i1.sndcdn.com/avatars-000317633775-65du93-large.jpg,House of Sins / Xeptions /,1135,House of Sins / Xeptions / Black Therapy / Born2Porn,4703721,user,2021-05-22T02:14:05Z,Black Therapy / Born2Porn,dan_stringer,https://soundcloud.com/dan_stringer,https://api.soundcloud.com/users/4703721,soundcloud:users:4703721,Dan Stringer,False,Montreal,CA,False,True,False,soundcloud:system-playlists:artist-stations:4703721,artist-stations:4703721
2015-09-07T14:22:39Z,like,3721342,https://i1.sndcdn.com/artworks-000018943681-44gohw-large.jpg,2012-02-25T00:36:51Z,11817827,1666255,playlist,2015-10-13T14:03:07Z,82,False,anthony-pappa-chinese-laundry,https://soundcloud.com/darkbeat-1/sets/anthony-pappa-chinese-laundry,True,16,,public,Anthony Pappa @ Chinese Laundry Sydney Feb 2012,0,https://api.soundcloud.com/playlists/1666255,6456723,,False,,2012-02-18T00:00:00Z,2012-02-25T00:36:51Z,https://i1.sndcdn.com/avatars-000005210855-i62ft6-large.jpg,Darkbeat,2363,Darkbeat Produtions,6456723,user,2018-04-11T00:22:07Z,Produtions,darkbeat-1,https://soundcloud.com/darkbeat-1,https://api.soundcloud.com/users/6456723,soundcloud:users:6456723,Darkbeat,False,Melbourne,AU,False,False,False,soundcloud:system-playlists:artist-stations:6456723,artist-stations:6456723
2015-07-14T09:49:45Z,like,40507837,,2015-02-27T01:37:21Z,2126796,84662171,playlist,2015-02-27T21:16:17Z,91159,False,skrillex-diplo-present-jack-u,https://soundcloud.com/jacku/sets/skrillex-diplo-present-jack-u,True,23937,,public,Skrillex & Diplo Present Jack Ü,10,https://api.soundcloud.com/playlists/84662171,110803581,,False,,,2015-02-27T01:37:21Z,https://i1.sndcdn.com/avatars-000184531941-23l1ge-large.jpg,,514718,,110803581,user,2020-11-18T17:56:07Z,,jacku,https://soundcloud.com/jacku,https://api.soundcloud.com/users/110803581,soundcloud:users:110803581,Jack Ü,True,,,False,True,True,soundcloud:system-playlists:artist-stations:110803581,artist-stations:110803581
2016-08-19T07:25:34Z,like,3493145,,2016-08-18T15:19:59Z,2129118,251459834,playlist,2016-08-18T15:26:46Z,498,False,knee-deep-in-august-1,https://soundcloud.com/hotsince-82/sets/knee-deep-in-august-1,True,114,,public,Knee Deep In August,7,https://api.soundcloud.com/playlists/251459834,5646032,,False,2016-08-18T15:26:46Z,,2016-08-18T15:26:46Z,https://i1.sndcdn.com/avatars-UMoF4mFPmGcVNxbd-xW4NQQ-large.jpg,Dee,396500,Dee Pee,5646032,user,2021-08-06T11:23:43Z,Pee,hotsince-82,https://soundcloud.com/hotsince-82,https://api.soundcloud.com/users/5646032,soundcloud:users:5646032,Hot Since 82,True,Yorkshire,GB,False,True,True,soundcloud:system-playlists:artist-stations:5646032,artist-stations:5646032
2015-12-07T10:42:37Z,like,52867657,,2015-11-08T19:30:51Z,8418040,163447630,playlist,2015-11-08T19:30:51Z,1,False,yums-podcasts,https://soundcloud.com/yorkumusicians/sets/yums-podcasts,True,0,,public,YUMS PODCASTS,3,https://api.soundcloud.com/playlists/163447630,182507588,,False,,,2015-11-08T19:30:51Z,https://a1.sndcdn.com/images/default_avatar_large.png,,6,,182507588,user,2015-11-24T02:13:10Z,,yorkumusicians,https://soundcloud.com/yorkumusicians,https://api.soundcloud.com/users/182507588,soundcloud:users:182507588,York U Musicians Society,False,,,False,False,False,soundcloud:system-playlists:artist-stations:182507588,artist-stations:182507588
2014-08-05T13:30:22Z,like,52867657,https://i1.sndcdn.com/artworks-000087120052-h8ybhp-large.jpg,2014-08-04T17:34:17Z,3063105,45793904,playlist,2015-10-13T14:57:03Z,9,False,due-time-full-length-lp,https://soundcloud.com/bookworm_dgc/sets/due-time-full-length-lp,True,1,,public,Due Time (full length LP),16,https://api.soundcloud.com/playlists/45793904,8945384,,False,,2014-08-04T00:00:00Z,2014-08-04T17:34:17Z,https://i1.sndcdn.com/avatars-000058253160-detk5t-large.jpg,bookworm.,74,bookworm.,8945384,user,2017-03-05T01:57:50Z,,bookworm_dgc,https://soundcloud.com/bookworm_dgc,https://api.soundcloud.com/users/8945384,soundcloud:users:8945384,bookworm_defco,False,Toronto,CA,False,False,False,soundcloud:system-playlists:artist-stations:8945384,artist-stations:8945384
2014-02-27T01:06:34Z,like,31110728,,2014-02-12T17:23:21Z,0,23181599,playlist,2014-02-12T17:23:22Z,1,False,beats,https://soundcloud.com/lowkey_58/sets/beats,True,0,,public,Beats,0,https://api.soundcloud.com/playlists/23181599,31110728,,False,,,2014-02-12T17:23:21Z,https://a1.sndcdn.com/images/default_avatar_large.png,,2,,31110728,user,2012-12-23T22:19:39Z,,lowkey_58,https://soundcloud.com/lowkey_58,https://api.soundcloud.com/users/31110728,soundcloud:users:31110728,lowkey_58,False,,,False,False,False,soundcloud:system-playlists:artist-stations:31110728,artist-stations:31110728
2015-06-19T16:43:56Z,like,72161940,,2015-06-11T14:35:14Z,8746597,115776356,playlist,2015-06-11T14:42:16Z,2,False,improviso-di-rio,https://soundcloud.com/marco_scarassatti/sets/improviso-di-rio,True,0,,public,improviso-diário,1,https://api.soundcloud.com/playlists/115776356,22190265,,False,,,2015-06-11T14:35:14Z,https://i1.sndcdn.com/avatars-000285257568-mf2zr0-large.jpg,marco scarassatti,273,marco scarassatti,22190265,user,2018-07-04T17:47:07Z,,marco_scarassatti,https://soundcloud.com/marco_scarassatti,https://api.soundcloud.com/users/22190265,soundcloud:users:22190265,marco scarassatti,False,belo horizonte,BR,False,False,False,soundcloud:system-playlists:artist-stations:22190265,artist-stations:22190265
2015-01-03T04:05:01Z,like,72161940,https://i1.sndcdn.com/artworks-000140664899-wasir8-large.jpg,2014-12-30T17:53:45Z,3289397,68238351,playlist,2015-12-24T09:38:29Z,32,False,orixas-jorge-amorim-and-hank-schroy-2004,https://soundcloud.com/hschroy/sets/orixas-jorge-amorim-and-hank-schroy-2004,True,5,,public,Orixás - Jorge Amorim and Hank Schroy (2004),16,https://api.soundcloud.com/playlists/68238351,115288,,False,,,2014-12-30T17:53:45Z,https://i1.sndcdn.com/avatars-000299915926-p5me6m-large.jpg,,213,,115288,user,2021-07-09T18:14:10Z,,hschroy,https://soundcloud.com/hschroy,https://api.soundcloud.com/users/115288,soundcloud:users:115288,Henry Schroy,False,Deerfield Beach,US,False,True,False,soundcloud:system-playlists:artist-stations:115288,artist-stations:115288
2016-01-04T05:44:51Z,like,61613588,https://i1.sndcdn.com/artworks-000092602636-82wo75-large.jpg,2014-10-01T00:33:30Z,1335131,53166796,playlist,2015-10-13T15:00:38Z,525,False,cine-negro,https://soundcloud.com/n-hardem/sets/cine-negro,True,69,,public,Soul AM Beats & N.hardem - Cine Negro,9,https://api.soundcloud.com/playlists/53166796,25255141,album,True,,2014-09-30T00:00:00Z,2014-10-01T00:33:30Z,https://i1.sndcdn.com/avatars-yIu8AKtZvuRK7rVa-0QLxfw-large.jpg,,3858,,25255141,user,2020-10-23T03:31:45Z,,n-hardem,https://soundcloud.com/n-hardem,https://api.soundcloud.com/users/25255141,soundcloud:users:25255141,N. hardem,False,Bogotá,CO,False,False,False,soundcloud:system-playlists:artist-stations:25255141,artist-stations:25255141
2016-01-04T05:44:42Z,like,61613588,https://i1.sndcdn.com/artworks-000180640818-lkeova-large.jpg,2015-11-23T01:26:02Z,728667,168137556,playlist,2018-01-09T14:04:02Z,449,False,tambor-ep,https://soundcloud.com/n-hardem/sets/tambor-ep,True,68,,public,Tambor EP,8,https://api.soundcloud.com/playlists/168137556,25255141,ep,True,,2015-11-21T00:00:00Z,2015-11-23T01:26:02Z,https://i1.sndcdn.com/avatars-yIu8AKtZvuRK7rVa-0QLxfw-large.jpg,,3858,,25255141,user,2020-10-23T03:31:45Z,,n-hardem,https://soundcloud.com/n-hardem,https://api.soundcloud.com/users/25255141,soundcloud:users:25255141,N. hardem,False,Bogotá,CO,False,False,False,soundcloud:system-playlists:artist-stations:25255141,artist-stations:25255141
2020-12-27T03:28:21Z,like,91297854,,2020-01-11T03:27:09Z,133094,963858514,playlist,2020-01-11T03:27:09Z,3088,False,famous-tiwns-hood-bitch,https://soundcloud.com/user-335751002/sets/famous-tiwns-hood-bitch,True,133,,public,famous tiwns hood bitch,1,https://api.soundcloud.com/playlists/963858514,758171599,,False,2020-01-11T03:27:09Z,,2020-01-11T03:27:09Z,https://a1.sndcdn.com/images/default_avatar_large.png,,98,,758171599,user,2019-12-31T22:17:04Z,,user-335751002,https://soundcloud.com/user-335751002,https://api.soundcloud.com/users/758171599,soundcloud:users:758171599,light skin kaylee,False,,,False,False,False,soundcloud:system-playlists:artist-stations:758171599,artist-stations:758171599
2016-08-15T01:40:58Z,like,91297854,,2016-08-08T22:17:16Z,168112,248662594,playlist,2016-08-15T01:40:53Z,1,False,written-to,https://soundcloud.com/mariah-fowlkes/sets/written-to,True,0,,public,Written to,1,https://api.soundcloud.com/playlists/248662594,91297854,,False,2016-08-15T01:40:53Z,,2016-08-15T01:40:53Z,https://i1.sndcdn.com/avatars-4gdQSyRSr6Wmy30W-TQAAwQ-large.jpg,Mariah,46,Mariah Fowlkes,91297854,user,2020-04-03T02:20:09Z,Fowlkes,mariah-fowlkes,https://soundcloud.com/mariah-fowlkes,https://api.soundcloud.com/users/91297854,soundcloud:users:91297854,Mariah Fowlkes,False,"Long Island, New York",,False,True,False,soundcloud:system-playlists:artist-stations:91297854,artist-stations:91297854
2016-07-19T18:38:05Z,like,91297854,,2016-03-30T00:43:58Z,6091084,210743040,playlist,2016-07-12T20:46:14Z,1,False,in-dat-mood,https://soundcloud.com/mariah-fowlkes/sets/in-dat-mood,True,0,,public,In Dat Mood,23,https://api.soundcloud.com/playlists/210743040,91297854,,False,2016-07-12T20:46:14Z,,2016-07-12T20:46:14Z,https://i1.sndcdn.com/avatars-4gdQSyRSr6Wmy30W-TQAAwQ-large.jpg,Mariah,46,Mariah Fowlkes,91297854,user,2020-04-03T02:20:09Z,Fowlkes,mariah-fowlkes,https://soundcloud.com/mariah-fowlkes,https://api.soundcloud.com/users/91297854,soundcloud:users:91297854,Mariah Fowlkes,False,"Long Island, New York",,False,True,False,soundcloud:system-playlists:artist-stations:91297854,artist-stations:91297854
2016-05-29T20:05:55Z,like,91297854,https://i1.sndcdn.com/artworks-000328072569-klm12b-large.jpg,2014-11-24T18:47:30Z,6271848,60881367,playlist,2018-03-31T21:05:11Z,5613,False,soundtrack-step-up-all-in,https://soundcloud.com/lissi1-1/sets/soundtrack-step-up-all-in,True,1512,,public,Soundtrack: Step Up All In,24,https://api.soundcloud.com/playlists/60881367,35435913,,False,,,2014-11-24T18:47:30Z,https://i1.sndcdn.com/avatars-000519843894-2xyf1z-large.jpg,,824,,35435913,user,2018-10-15T16:54:24Z,,lissi1-1,https://soundcloud.com/lissi1-1,https://api.soundcloud.com/users/35435913,soundcloud:users:35435913,L i s s,False,,,False,False,False,soundcloud:system-playlists:artist-stations:35435913,artist-stations:35435913
2016-04-21T20:09:27Z,like,91297854,,2016-04-21T20:08:29Z,195048,218098044,playlist,2016-04-21T20:08:29Z,1,False,best-mistake,https://soundcloud.com/mariah-fowlkes/sets/best-mistake,True,0,,public,Best mistake,1,https://api.soundcloud.com/playlists/218098044,91297854,,False,,,2016-04-21T20:08:29Z,https://i1.sndcdn.com/avatars-4gdQSyRSr6Wmy30W-TQAAwQ-large.jpg,Mariah,46,Mariah Fowlkes,91297854,user,2020-04-03T02:20:09Z,Fowlkes,mariah-fowlkes,https://soundcloud.com/mariah-fowlkes,https://api.soundcloud.com/users/91297854,soundcloud:users:91297854,Mariah Fowlkes,False,"Long Island, New York",,False,True,False,soundcloud:system-playlists:artist-stations:91297854,artist-stations:91297854
2016-04-02T12:42:40Z,like,91297854,,2016-02-28T13:40:57Z,2404974,200797811,playlist,2016-03-05T01:09:20Z,1,False,the-pink-print-deluxe,https://soundcloud.com/user-249178507/sets/the-pink-print-deluxe,True,0,,public,The pink print deluxe,3,https://api.soundcloud.com/playlists/200797811,195633377,,False,,,2016-02-28T13:40:57Z,https://a1.sndcdn.com/images/default_avatar_large.png,,3,,195633377,user,2015-12-26T22:23:49Z,,user-249178507,https://soundcloud.com/user-249178507,https://api.soundcloud.com/users/195633377,soundcloud:users:195633377,User 249178507,False,,,False,False,False,soundcloud:system-playlists:artist-stations:195633377,artist-stations:195633377
2016-03-31T17:18:29Z,like,91297854,,2015-06-24T15:46:42Z,458229,119356728,playlist,2015-06-24T15:46:42Z,1,False,6fqyrjjdblfr,https://soundcloud.com/ksmoov-screamteam-leonard/sets/6fqyrjjdblfr,True,0,,public,⛽⛽⛽⛽,2,https://api.soundcloud.com/playlists/119356728,59485572,,False,,,2015-06-24T15:46:42Z,https://i1.sndcdn.com/avatars-000200395286-kwc472-large.jpg,Ksmoov,74,Ksmoov Leonard,59485572,user,2016-10-30T14:00:57Z,Leonard,ksmoov-screamteam-leonard,https://soundcloud.com/ksmoov-screamteam-leonard,https://api.soundcloud.com/users/59485572,soundcloud:users:59485572,SmoovDaPoet,False,,,False,False,False,soundcloud:system-playlists:artist-stations:59485572,artist-stations:59485572
2016-03-28T23:24:34Z,like,91297854,https://i1.sndcdn.com/artworks-000081571285-eq7bh0-large.jpg,2014-06-05T22:01:50Z,771701,38324671,playlist,2014-06-05T22:30:52Z,21060,False,these-things-also-happened,https://soundcloud.com/g_eazy/sets/these-things-also-happened,True,4640,,public,These Things Also Happened,4,https://api.soundcloud.com/playlists/38324671,991838,ep,True,,,2014-06-05T22:01:50Z,https://i1.sndcdn.com/avatars-UbwhC4k2b9NaThnr-sdRlKw-large.jpg,G-EAZY,1164178,G-EAZY,991838,user,2021-09-19T04:24:06Z,,g_eazy,https://soundcloud.com/g_eazy,https://api.soundcloud.com/users/991838,soundcloud:users:991838,G-EAZY,True,,,False,True,True,soundcloud:system-playlists:artist-stations:991838,artist-stations:991838
2016-03-26T14:10:22Z,like,91297854,https://i1.sndcdn.com/artworks-000127519595-m78n8t-large.jpg,2015-08-26T02:30:44Z,1971477,138358045,playlist,2015-08-26T02:34:56Z,116,False,the-wiz-broadway-soundtrack,https://soundcloud.com/mrshinojosa/sets/the-wiz-broadway-soundtrack,True,8,,public,The Wiz - Broadway Soundtrack,13,https://api.soundcloud.com/playlists/138358045,170573180,,False,,,2015-08-26T02:30:44Z,https://i1.sndcdn.com/avatars-000167481932-dm5pit-large.jpg,,66,,170573180,user,2015-08-26T02:36:29Z,,mrshinojosa,https://soundcloud.com/mrshinojosa,https://api.soundcloud.com/users/170573180,soundcloud:users:170573180,mrshinojosa,False,,,False,False,False,soundcloud:system-playlists:artist-stations:170573180,artist-stations:170573180
2016-02-20T03:55:27Z,like,91297854,https://i1.sndcdn.com/artworks-000048622882-92hn84-large.jpg,2013-05-21T20:55:56Z,3187375,5914614,playlist,2013-05-21T21:31:04Z,179826,False,owl-pharaoh,https://soundcloud.com/travisscott-2/sets/owl-pharaoh,True,13909,,public,Owl Pharaoh,14,https://api.soundcloud.com/playlists/5914614,40174345,album,True,,,2013-05-21T20:55:56Z,https://i1.sndcdn.com/avatars-000701366305-hu9f0i-large.jpg,,2140300,,40174345,user,2021-11-04T19:36:26Z,,travisscott-2,https://soundcloud.com/travisscott-2,https://api.soundcloud.com/users/40174345,soundcloud:users:40174345,Travis Scott,True,"Houston, TX",US,False,True,True,soundcloud:system-playlists:artist-stations:40174345,artist-stations:40174345
2016-02-20T03:54:35Z,like,91297854,https://i1.sndcdn.com/artworks-000088468287-jju25j-large.jpg,2014-08-19T00:24:18Z,3002627,47479282,playlist,2014-08-19T00:25:14Z,494983,False,days-before-rodeo,https://soundcloud.com/travisscott-2/sets/days-before-rodeo,True,47008,,public,Days Before Rodeo,12,https://api.soundcloud.com/playlists/47479282,40174345,,False,,,2014-08-19T00:24:18Z,https://i1.sndcdn.com/avatars-000701366305-hu9f0i-large.jpg,,2140300,,40174345,user,2021-11-04T19:36:26Z,,travisscott-2,https://soundcloud.com/travisscott-2,https://api.soundcloud.com/users/40174345,soundcloud:users:40174345,Travis Scott,True,"Houston, TX",US,False,True,True,soundcloud:system-playlists:artist-stations:40174345,artist-stations:40174345
2014-07-05T20:30:00Z,like,91297854,,2012-12-22T22:45:33Z,2652194,3072175,playlist,2013-01-26T22:47:09Z,3,False,top-50-songs-of-2012,https://soundcloud.com/rock-bottom-university/sets/top-50-songs-of-2012,True,0,,public,Top 50 Songs of 2012,10,https://api.soundcloud.com/playlists/3072175,31043725,,False,,,2012-12-22T22:45:33Z,https://a1.sndcdn.com/images/default_avatar_large.png,Rock,0,Rock Bottom,31043725,user,2012-12-22T22:43:57Z,Bottom,rock-bottom-university,https://soundcloud.com/rock-bottom-university,https://api.soundcloud.com/users/31043725,soundcloud:users:31043725,Rock Bottom University,False,Bethesda,US,False,False,False,soundcloud:system-playlists:artist-stations:31043725,artist-stations:31043725
2014-07-05T20:29:43Z,like,91297854,,2014-05-20T12:04:11Z,3609246,35753445,playlist,2014-05-20T12:04:11Z,7,False,top-50-songs-2011-2014,https://soundcloud.com/ali-mk-11/sets/top-50-songs-2011-2014,True,2,,public,Top 50 Songs [2011-2014],7,https://api.soundcloud.com/playlists/35753445,95562729,,False,,,2014-05-20T12:04:11Z,https://i1.sndcdn.com/avatars-000107193132-vcd0lc-large.jpg,,45,,95562729,user,2014-10-03T17:03:47Z,,ali-mk-11,https://soundcloud.com/ali-mk-11,https://api.soundcloud.com/users/95562729,soundcloud:users:95562729,Ali Mk,False,,,False,False,False,soundcloud:system-playlists:artist-stations:95562729,artist-stations:95562729
2014-06-11T18:50:44Z,like,91297854,,2014-06-08T14:45:04Z,481845,38721646,playlist,2014-06-08T14:45:04Z,1,False,bitches-be-like,https://soundcloud.com/mariah-fowlkes/sets/bitches-be-like,True,0,,public,Bitches Be Like,0,https://api.soundcloud.com/playlists/38721646,91297854,,False,,,2014-06-08T14:45:04Z,https://i1.sndcdn.com/avatars-4gdQSyRSr6Wmy30W-TQAAwQ-large.jpg,Mariah,46,Mariah Fowlkes,91297854,user,2020-04-03T02:20:09Z,Fowlkes,mariah-fowlkes,https://soundcloud.com/mariah-fowlkes,https://api.soundcloud.com/users/91297854,soundcloud:users:91297854,Mariah Fowlkes,False,"Long Island, New York",,False,True,False,soundcloud:system-playlists:artist-stations:91297854,artist-stations:91297854
2014-06-01T22:40:08Z,like,91297854,,2014-05-31T17:21:39Z,678016,37492395,playlist,2014-05-31T17:21:39Z,1,False,white-side-music,https://soundcloud.com/mariah-fowlkes/sets/white-side-music,True,0,,public,White Side Music,1,https://api.soundcloud.com/playlists/37492395,91297854,,False,,,2014-05-31T17:21:39Z,https://i1.sndcdn.com/avatars-4gdQSyRSr6Wmy30W-TQAAwQ-large.jpg,Mariah,46,Mariah Fowlkes,91297854,user,2020-04-03T02:20:09Z,Fowlkes,mariah-fowlkes,https://soundcloud.com/mariah-fowlkes,https://api.soundcloud.com/users/91297854,soundcloud:users:91297854,Mariah Fowlkes,False,"Long Island, New York",,False,True,False,soundcloud:system-playlists:artist-stations:91297854,artist-stations:91297854
2014-04-27T00:41:12Z,like,91297854,https://i1.sndcdn.com/artworks-000055322196-99h162-large.jpg,2013-07-18T20:37:50Z,2887200,7934756,playlist,2013-11-18T09:47:28Z,1699,False,hotel-cabana,https://soundcloud.com/naughtyboymusic/sets/hotel-cabana,True,563,,public,Hotel Cabana - Out Now,16,https://api.soundcloud.com/playlists/7934756,22063412,album,True,,,2013-07-18T20:37:50Z,https://i1.sndcdn.com/avatars-000090259266-8bhtpk-large.jpg,Naughty,5651568,Naughty Boy,22063412,user,2021-11-16T00:00:01Z,Boy,naughtyboymusic,https://soundcloud.com/naughtyboymusic,https://api.soundcloud.com/users/22063412,soundcloud:users:22063412,Naughty Boy Music,True,Watford,,False,False,True,soundcloud:system-playlists:artist-stations:22063412,artist-stations:22063412
2014-04-25T17:25:56Z,like,91297854,,2014-03-19T21:13:56Z,216600,27319323,playlist,2014-03-19T21:13:57Z,4,False,ty-dollar-sighn,https://soundcloud.com/user283987802/sets/ty-dollar-sighn,True,0,,public,ty dollar sighn,1,https://api.soundcloud.com/playlists/27319323,85290364,,False,,,2014-03-19T21:13:56Z,https://a1.sndcdn.com/images/default_avatar_large.png,,0,,85290364,user,2014-03-19T03:03:20Z,,user283987802,https://soundcloud.com/user283987802,https://api.soundcloud.com/users/85290364,soundcloud:users:85290364,user283987802,False,,,False,False,False,soundcloud:system-playlists:artist-stations:85290364,artist-stations:85290364
2014-04-25T17:22:12Z,like,91297854,,2014-04-25T03:01:25Z,0,32014794,playlist,2014-04-25T03:01:26Z,1,False,or-na,https://soundcloud.com/illestand808/sets/or-na,True,0,,public,Or na,0,https://api.soundcloud.com/playlists/32014794,91208816,,False,,,2014-04-25T03:01:25Z,https://i1.sndcdn.com/avatars-000080084116-zts2uz-large.jpg,,6,,91208816,user,2014-04-25T16:51:09Z,,illestand808,https://soundcloud.com/illestand808,https://api.soundcloud.com/users/91208816,soundcloud:users:91208816,Illestand808,False,,,False,False,False,soundcloud:system-playlists:artist-stations:91208816,artist-stations:91208816
2014-04-25T17:21:00Z,like,91297854,,2014-04-01T23:27:35Z,0,28939226,playlist,2014-04-01T23:27:35Z,5,False,i-woke-up-like-this,https://soundcloud.com/mad_or_na/sets/i-woke-up-like-this,True,1,,public,I woke up like this,0,https://api.soundcloud.com/playlists/28939226,82625744,,False,,,2014-04-01T23:27:35Z,https://i1.sndcdn.com/avatars-000071256593-a4eak8-large.jpg,,26,,82625744,user,2014-03-03T00:32:52Z,,mad_or_na,https://soundcloud.com/mad_or_na,https://api.soundcloud.com/users/82625744,soundcloud:users:82625744,mad_or_na,False,,,False,False,False,soundcloud:system-playlists:artist-stations:82625744,artist-stations:82625744
2014-12-03T23:59:53Z,like,48375040,https://i1.sndcdn.com/artworks-000032360530-a73z1c-large.jpg,2012-09-11T03:14:23Z,2089331,2467417,playlist,2012-10-30T16:27:02Z,470,False,hands-of-glory,https://soundcloud.com/andrewbird/sets/hands-of-glory,True,80,,public,Andrew Bird - Hands of Glory,8,https://api.soundcloud.com/playlists/2467417,3887126,,False,,,2012-09-11T03:14:23Z,https://i1.sndcdn.com/avatars-000573700368-q41apf-large.jpg,Andrew,28621,Andrew Bird,3887126,user,2021-03-05T20:45:17Z,Bird,andrewbird,https://soundcloud.com/andrewbird,https://api.soundcloud.com/users/3887126,soundcloud:users:3887126,Andrew Bird,True,Chicago,US,False,True,True,soundcloud:system-playlists:artist-stations:3887126,artist-stations:3887126
2018-03-01T20:53:21Z,like,528191,https://i1.sndcdn.com/artworks-2556373e-409b-407c-bdda-1500092c13f2-0-large.jpg,2018-02-26T01:54:01Z,1177314,457926420,playlist,2018-02-26T14:34:33Z,44,True,talavera-records-05-1,https://soundcloud.com/talaverarecords/sets/talavera-records-05-1,True,14,,public,Talavera Records 05,3,https://api.soundcloud.com/playlists/457926420,206767097,album,True,2018-02-26T00:00:00Z,2018-02-26T00:00:00Z,2018-02-26T00:00:00Z,https://i1.sndcdn.com/avatars-000712997950-0yp3j5-large.jpg,,12273,,206767097,user,2021-06-25T16:39:51Z,,talaverarecords,https://soundcloud.com/talaverarecords,https://api.soundcloud.com/users/206767097,soundcloud:users:206767097,Talavera Records,True,,MX,False,True,True,soundcloud:system-playlists:artist-stations:206767097,artist-stations:206767097
2014-04-15T12:51:50Z,like,89560102,,2013-07-14T16:03:04Z,136991416,7779456,playlist,2015-09-08T09:52:02Z,217,False,chuck-norris,https://soundcloud.com/meda-pop/sets/chuck-norris,True,83,,public,chuck norris,183,https://api.soundcloud.com/playlists/7779456,27516868,,False,,,2013-07-14T16:03:04Z,https://i1.sndcdn.com/avatars-000120620857-qwdznz-large.jpg,Meda,133,Meda Pop,27516868,user,2015-09-08T09:38:28Z,Pop,meda-pop,https://soundcloud.com/meda-pop,https://api.soundcloud.com/users/27516868,soundcloud:users:27516868,Meda15,False,Satu Mare,RO,False,False,False,soundcloud:system-playlists:artist-stations:27516868,artist-stations:27516868
2013-04-28T21:09:17Z,like,37522874,,2013-04-26T18:48:34Z,740851,5153222,playlist,2013-04-26T18:48:34Z,1,False,tec,https://soundcloud.com/murilo-m-ferreira/sets/tec,True,0,,public,Tec,2,https://api.soundcloud.com/playlists/5153222,37522874,,False,,,2013-04-26T18:48:34Z,https://i1.sndcdn.com/avatars-000034962393-9hm1wq-large.jpg,Murilo,24,Murilo M Ferreira,37522874,user,2013-02-25T23:07:22Z,M Ferreira,murilo-m-ferreira,https://soundcloud.com/murilo-m-ferreira,https://api.soundcloud.com/users/37522874,soundcloud:users:37522874,Murilo M Ferreira,False,,,False,False,False,soundcloud:system-playlists:artist-stations:37522874,artist-stations:37522874
2013-04-28T21:08:50Z,like,37522874,,2013-04-26T18:22:05Z,1581909,5152606,playlist,2013-04-26T18:22:05Z,1,False,pra-nos,https://soundcloud.com/murilo-m-ferreira/sets/pra-nos,True,0,,public,Pra nos,1,https://api.soundcloud.com/playlists/5152606,37522874,,False,,,2013-04-26T18:22:05Z,https://i1.sndcdn.com/avatars-000034962393-9hm1wq-large.jpg,Murilo,24,Murilo M Ferreira,37522874,user,2013-02-25T23:07:22Z,M Ferreira,murilo-m-ferreira,https://soundcloud.com/murilo-m-ferreira,https://api.soundcloud.com/users/37522874,soundcloud:users:37522874,Murilo M Ferreira,False,,,False,False,False,soundcloud:system-playlists:artist-stations:37522874,artist-stations:37522874
2014-03-13T00:08:16Z,like,24291941,,2013-11-07T16:02:20Z,1900488,14029381,playlist,2013-11-07T16:02:21Z,1,False,carliee,https://soundcloud.com/carliee-hendricks/sets/carliee,True,0,,public,Carliee,6,https://api.soundcloud.com/playlists/14029381,24291941,,False,,,2013-11-07T16:02:20Z,https://i1.sndcdn.com/avatars-000022663599-57yb5a-large.jpg,Carliee,24,Carliee Hendricks,24291941,user,2012-09-17T00:13:17Z,Hendricks,carliee-hendricks,https://soundcloud.com/carliee-hendricks,https://api.soundcloud.com/users/24291941,soundcloud:users:24291941,Carliee Hendricks,False,,,False,False,False,soundcloud:system-playlists:artist-stations:24291941,artist-stations:24291941
2018-02-10T17:58:12Z,like,94888245,,2017-05-19T18:18:09Z,52608370,324331280,playlist,2020-08-26T21:21:34Z,27,False,gas,https://soundcloud.com/user-380263329/sets/gas,True,1,,public,GAS,244,https://api.soundcloud.com/playlists/324331280,284797318,,False,2017-08-01T03:06:55Z,,2017-08-01T03:06:55Z,https://a1.sndcdn.com/images/default_avatar_large.png,,5,,284797318,user,2017-03-22T00:37:30Z,,user-380263329,https://soundcloud.com/user-380263329,https://api.soundcloud.com/users/284797318,soundcloud:users:284797318,User 380263329,False,,,False,False,False,soundcloud:system-playlists:artist-stations:284797318,artist-stations:284797318
2019-11-11T12:13:22Z,like,76384697,,2016-03-21T10:54:03Z,220690856,207856480,playlist,2021-11-22T20:16:13Z,2,False,orbit-gaia-house-list,https://soundcloud.com/cgonza9328/sets/orbit-gaia-house-list,True,0,,public,(Gaia) Deep House,44,https://api.soundcloud.com/playlists/207856480,76384697,,False,,,2016-03-21T10:54:03Z,https://i1.sndcdn.com/avatars-000654888512-usetpc-large.jpg,Cristhian,14,Cristhian Gonzalez,76384697,user,2019-07-10T20:40:51Z,Gonzalez,cgonza9328,https://soundcloud.com/cgonza9328,https://api.soundcloud.com/users/76384697,soundcloud:users:76384697,CG93,False,,,False,False,False,soundcloud:system-playlists:artist-stations:76384697,artist-stations:76384697
2017-10-01T04:53:53Z,like,76384697,,2014-04-06T18:19:11Z,46180754,29554310,playlist,2019-02-12T00:49:59Z,4,False,house,https://soundcloud.com/og201/sets/house,True,0,,public,HOUSE,45,https://api.soundcloud.com/playlists/29554310,17902079,,False,,,2014-04-06T18:19:11Z,https://i1.sndcdn.com/avatars-000064588726-uob1ey-large.jpg,,13,,17902079,user,2019-03-29T11:47:47Z,,og201,https://soundcloud.com/og201,https://api.soundcloud.com/users/17902079,soundcloud:users:17902079,OG201,False,,,False,False,False,soundcloud:system-playlists:artist-stations:17902079,artist-stations:17902079
2017-08-15T11:32:04Z,like,76384697,https://i1.sndcdn.com/artworks-000238210292-kg13mw-large.jpg,2017-08-14T10:13:43Z,203642,345175374,playlist,2017-08-14T10:14:50Z,88,False,kryder-erick-morillo-waves-out,https://soundcloud.com/subliminal-records/sets/kryder-erick-morillo-waves-out,True,26,,public,Kryder & Erick Morillo - Waves [OUT NOW],1,https://api.soundcloud.com/playlists/345175374,571930,single,True,2017-08-14T10:13:43Z,2017-08-14T00:00:00Z,2017-08-14T10:13:43Z,https://i1.sndcdn.com/avatars-000230331391-rm6vpz-large.jpg,,38488,,571930,user,2020-11-19T09:59:16Z,,subliminal-records,https://soundcloud.com/subliminal-records,https://api.soundcloud.com/users/571930,soundcloud:users:571930,Subliminal Records,True,Miami,US,False,False,True,soundcloud:system-playlists:artist-stations:571930,artist-stations:571930
2016-09-20T18:41:27Z,like,76384697,https://i1.sndcdn.com/artworks-000183415323-z2kb8a-large.jpg,2016-09-19T15:58:59Z,425901,260564094,playlist,2016-09-19T16:00:06Z,284,False,all-gone-ibiza-2016-pete-tong,https://soundcloud.com/petetong/sets/all-gone-ibiza-2016-pete-tong,True,45,,public,All Gone Ibiza 2016 - Pete Tong b2b Andrea Oliva,15,https://api.soundcloud.com/playlists/260564094,902711,,False,2016-09-19T16:00:03Z,2016-09-16T00:00:00Z,2016-09-19T16:00:03Z,https://i1.sndcdn.com/avatars-S8PGgy03hu3eIVIe-60d0fg-large.jpg,Pete,207606,Pete Tong,902711,user,2021-12-03T10:33:09Z,Tong,petetong,https://soundcloud.com/petetong,https://api.soundcloud.com/users/902711,soundcloud:users:902711,Pete Tong,True,London,GB,False,False,True,soundcloud:system-playlists:artist-stations:902711,artist-stations:902711
2016-09-20T18:41:26Z,like,76384697,,2016-09-19T15:56:36Z,425901,260563595,playlist,2016-09-19T15:56:37Z,81,False,all-gone-ibiza-pete-tong-b2b-andrea-oliva,https://soundcloud.com/petetong/sets/all-gone-ibiza-pete-tong-b2b-andrea-oliva,True,12,,public,All Gone Ibiza - Pete Tong b2b Andrea Oliva,15,https://api.soundcloud.com/playlists/260563595,902711,,False,2016-09-19T15:56:36Z,2016-09-16T00:00:00Z,2016-09-19T15:56:36Z,https://i1.sndcdn.com/avatars-S8PGgy03hu3eIVIe-60d0fg-large.jpg,Pete,207606,Pete Tong,902711,user,2021-12-03T10:33:09Z,Tong,petetong,https://soundcloud.com/petetong,https://api.soundcloud.com/users/902711,soundcloud:users:902711,Pete Tong,True,London,GB,False,False,True,soundcloud:system-playlists:artist-stations:902711,artist-stations:902711
2016-08-10T04:50:22Z,like,76384697,,2014-01-08T18:25:48Z,144374021,19458912,playlist,2014-01-08T18:25:48Z,28,False,a-b-trance-around-the-world,https://soundcloud.com/boozysuzy123/sets/a-b-trance-around-the-world,True,2,,public,A & B trance around the world,22,https://api.soundcloud.com/playlists/19458912,37693760,,False,,,2014-01-08T18:25:48Z,https://i1.sndcdn.com/avatars-000035123337-0f27ki-large.jpg,,31,,37693760,user,2015-06-03T22:19:10Z,,boozysuzy123,https://soundcloud.com/boozysuzy123,https://api.soundcloud.com/users/37693760,soundcloud:users:37693760,Boozysuzy123,False,,,False,False,False,soundcloud:system-playlists:artist-stations:37693760,artist-stations:37693760
2016-06-21T19:04:33Z,like,76384697,https://i1.sndcdn.com/artworks-000144531960-e6avv2-large.jpg,2016-01-25T17:07:52Z,188310137,189322959,playlist,2016-01-25T17:12:15Z,2218,False,bpm2016-artist-sets,https://soundcloud.com/thebpmfestival/sets/bpm2016-artist-sets,True,446,,public,#BPM2016 Artist Sets,35,https://api.soundcloud.com/playlists/189322959,66995101,,False,,,2016-01-25T17:07:52Z,https://i1.sndcdn.com/avatars-000586554864-4whql5-large.jpg,The BPM Festival,68235,The BPM Festival,66995101,user,2021-01-25T18:39:13Z,,thebpmfestival,https://soundcloud.com/thebpmfestival,https://api.soundcloud.com/users/66995101,soundcloud:users:66995101,The BPM Festival,True,Tamarindo,CR,False,True,True,soundcloud:system-playlists:artist-stations:66995101,artist-stations:66995101
2018-10-29T18:05:31Z,like,87999217,https://i1.sndcdn.com/artworks-000071977520-ulcuek-large.jpg,2014-02-25T17:25:23Z,3187375,24684927,playlist,2014-02-26T15:30:42Z,35797,False,travis-scott-owl-pharoah,https://soundcloud.com/itstow/sets/travis-scott-owl-pharoah,True,1748,,public,Travis Scott - Owl Pharoah,14,https://api.soundcloud.com/playlists/24684927,35792328,album,True,,,2014-02-25T17:25:23Z,https://i1.sndcdn.com/avatars-000216528991-dbc8c1-large.jpg,owen,246,owen towell,35792328,user,2017-06-03T11:39:30Z,towell,itstow,https://soundcloud.com/itstow,https://api.soundcloud.com/users/35792328,soundcloud:users:35792328,t-bone,False,,,False,False,False,soundcloud:system-playlists:artist-stations:35792328,artist-stations:35792328
2018-04-05T19:33:31Z,like,87999217,https://i1.sndcdn.com/artworks-000088468287-jju25j-large.jpg,2014-08-19T00:24:18Z,3002627,47479282,playlist,2014-08-19T00:25:14Z,494983,False,days-before-rodeo,https://soundcloud.com/travisscott-2/sets/days-before-rodeo,True,47008,,public,Days Before Rodeo,12,https://api.soundcloud.com/playlists/47479282,40174345,,False,,,2014-08-19T00:24:18Z,https://i1.sndcdn.com/avatars-000701366305-hu9f0i-large.jpg,,2140300,,40174345,user,2021-11-04T19:36:26Z,,travisscott-2,https://soundcloud.com/travisscott-2,https://api.soundcloud.com/users/40174345,soundcloud:users:40174345,Travis Scott,True,"Houston, TX",US,False,True,True,soundcloud:system-playlists:artist-stations:40174345,artist-stations:40174345
2016-10-12T01:13:07Z,like,87999217,https://i1.sndcdn.com/artworks-000071823441-xpjrdd-large.jpg,2014-02-25T00:40:28Z,1423803,24607578,playlist,2014-04-01T20:35:26Z,6186,False,galantis-ep-1,https://soundcloud.com/wearegalantis/sets/galantis-ep-1,True,2072,,public,Galantis - EP,6,https://api.soundcloud.com/playlists/24607578,18512467,,False,,,2014-02-25T00:40:28Z,https://i1.sndcdn.com/avatars-k5Edvzk7Sq4ITAvj-1WtslA-large.jpg,,479456,,18512467,user,2021-05-20T17:13:36Z,,wearegalantis,https://soundcloud.com/wearegalantis,https://api.soundcloud.com/users/18512467,soundcloud:users:18512467,Galantis,True,Stockholm,SE,False,True,True,soundcloud:system-playlists:artist-stations:18512467,artist-stations:18512467
2016-07-25T01:20:32Z,like,87999217,https://i1.sndcdn.com/artworks-000140455147-mpdxzd-large.jpg,2015-12-22T14:51:59Z,1327693,177743598,playlist,2015-12-22T18:56:40Z,10019,False,after-life-ep-1,https://soundcloud.com/iamtchami/sets/after-life-ep-1,True,3020,,public,AFTER LIFE [EP],5,https://api.soundcloud.com/playlists/177743598,34994724,,False,,,2015-12-22T14:51:59Z,https://i1.sndcdn.com/avatars-FursyaxMLJ0KyJxc-CGxAtA-large.jpg,,516973,,34994724,user,2022-01-14T05:42:31Z,,iamtchami,https://soundcloud.com/iamtchami,https://api.soundcloud.com/users/34994724,soundcloud:users:34994724,Tchami,True,Paris,FR,False,True,True,soundcloud:system-playlists:artist-stations:34994724,artist-stations:34994724
2016-07-19T01:14:33Z,like,87999217,https://i1.sndcdn.com/artworks-000171583237-pdjgd5-large.jpg,2016-07-15T13:57:00Z,775122,241574668,playlist,2016-08-19T14:33:38Z,2194,False,generation-hex-002,https://soundcloud.com/hexagon/sets/generation-hex-002,True,699,,public,Generation Hex 002,4,https://api.soundcloud.com/playlists/241574668,105504173,,False,2016-07-15T14:51:08Z,2016-07-15T00:00:00Z,2016-07-15T14:51:08Z,https://i1.sndcdn.com/avatars-000311326157-w8ydii-large.jpg,Don,172534,Don Diablo,105504173,user,2021-10-19T10:09:58Z,Diablo,hexagon,https://soundcloud.com/hexagon,https://api.soundcloud.com/users/105504173,soundcloud:users:105504173,HEXAGON,True,Amsterdam,NL,False,True,True,soundcloud:system-playlists:artist-stations:105504173,artist-stations:105504173
2016-07-01T05:17:13Z,like,87999217,https://i1.sndcdn.com/artworks-000169670536-4cmoos-large.jpg,2016-07-01T02:50:52Z,1945195,237702097,playlist,2016-07-18T16:27:17Z,69235,False,logic-bobby-tarantino,https://soundcloud.com/teamvisionary/sets/logic-bobby-tarantino,True,13819,,public,Logic - Bobby Tarantino,11,https://api.soundcloud.com/playlists/237702097,56873359,,False,2016-07-01T04:20:02Z,,2016-07-01T04:20:02Z,https://i1.sndcdn.com/avatars-000052842999-njm9t3-large.jpg,,272197,,56873359,user,2020-11-18T18:04:37Z,,teamvisionary,https://soundcloud.com/teamvisionary,https://api.soundcloud.com/users/56873359,soundcloud:users:56873359,TeamVisionary,True,,,False,True,True,soundcloud:system-playlists:artist-stations:56873359,artist-stations:56873359
2015-08-29T08:09:24Z,like,87999217,https://i1.sndcdn.com/artworks-000119580608-z4tg4m-large.jpg,2015-06-08T04:10:39Z,2967020,114832496,playlist,2016-01-28T21:34:16Z,20270,False,pharmacy-out-now,https://soundcloud.com/wearegalantis/sets/pharmacy-out-now,True,5893,,public,Pharmacy - Out Now!,13,https://api.soundcloud.com/playlists/114832496,18512467,,False,,,2015-06-08T04:10:39Z,https://i1.sndcdn.com/avatars-k5Edvzk7Sq4ITAvj-1WtslA-large.jpg,,479456,,18512467,user,2021-05-20T17:13:36Z,,wearegalantis,https://soundcloud.com/wearegalantis,https://api.soundcloud.com/users/18512467,soundcloud:users:18512467,Galantis,True,Stockholm,SE,False,True,True,soundcloud:system-playlists:artist-stations:18512467,artist-stations:18512467
2016-09-15T09:05:45Z,like,98931823,,2015-04-16T20:38:58Z,242717,98975710,playlist,2015-04-16T20:38:58Z,1,False,4am-kaskade,https://soundcloud.com/ptboy18/sets/4am-kaskade,True,0,,public,4am kaskade,1,https://api.soundcloud.com/playlists/98975710,142777815,,False,,,2015-04-16T20:38:58Z,https://i1.sndcdn.com/avatars-000135445310-gazgvd-large.jpg,ptboy18,1,ptboy18 .,142777815,user,2015-03-12T00:19:01Z,.,ptboy18,https://soundcloud.com/ptboy18,https://api.soundcloud.com/users/142777815,soundcloud:users:142777815,ptboy18,False,,,False,False,False,soundcloud:system-playlists:artist-stations:142777815,artist-stations:142777815
2014-12-15T19:47:37Z,like,98931823,https://i1.sndcdn.com/artworks-000100292737-vq3695-large.jpg,2014-12-15T11:02:51Z,2077204,64446996,playlist,2014-12-15T11:14:07Z,12758,False,go-home,https://soundcloud.com/christravis/sets/go-home,True,2563,,public,Go Home,13,https://api.soundcloud.com/playlists/64446996,14845235,,False,,,2014-12-15T11:02:51Z,https://i1.sndcdn.com/avatars-8dnJHpO1kCjGJe6m-mWzz2w-large.jpg,Chris,289143,Chris Travis,14845235,user,2022-02-05T19:50:07Z,Travis,christravis,https://soundcloud.com/christravis,https://api.soundcloud.com/users/14845235,soundcloud:users:14845235,ChrisTravis,True,Memphis,US,False,True,True,soundcloud:system-playlists:artist-stations:14845235,artist-stations:14845235
2014-09-19T18:31:47Z,like,98931823,https://i1.sndcdn.com/artworks-000082775941-sloseq-large.jpg,2014-06-19T01:38:55Z,2854104,40339296,playlist,2017-04-06T01:06:05Z,13002,False,neonicon,https://soundcloud.com/frostyhusky/sets/neonicon,True,4397,,public,RiFF RAFF - NEON iCON,15,https://api.soundcloud.com/playlists/40339296,65723104,,False,2017-04-06T01:06:05Z,2014-06-22T00:00:00Z,2017-04-06T01:06:05Z,https://i1.sndcdn.com/avatars-000411356229-8vly0z-large.jpg,,129722,,65723104,user,2020-12-01T07:00:45Z,,frostyhusky,https://soundcloud.com/frostyhusky,https://api.soundcloud.com/users/65723104,soundcloud:users:65723104,...,True,,,False,False,True,soundcloud:system-playlists:artist-stations:65723104,artist-stations:65723104
2014-09-03T01:09:22Z,like,98931823,https://i1.sndcdn.com/artworks-000087867394-13xsvr-large.jpg,2014-08-12T15:52:55Z,3433031,46715622,playlist,2014-11-24T16:07:53Z,55823,False,the-waters,https://soundcloud.com/mickjenkins/sets/the-waters,True,11026,,public,The Water[s],15,https://api.soundcloud.com/playlists/46715622,19675424,,False,,,2014-08-12T15:52:55Z,https://i1.sndcdn.com/avatars-000750260299-uf0gq3-large.jpg,Mick,242854,Mick Jenkins,19675424,user,2021-11-18T00:00:01Z,Jenkins,mickjenkins,https://soundcloud.com/mickjenkins,https://api.soundcloud.com/users/19675424,soundcloud:users:19675424,MICK JENKINS,True,Chicago,US,False,False,True,soundcloud:system-playlists:artist-stations:19675424,artist-stations:19675424
2014-01-19T18:49:49Z,like,59492915,https://i1.sndcdn.com/artworks-000060297041-tyaank-large.jpg,2013-10-16T18:37:15Z,3702092,12397039,playlist,2016-07-15T07:29:19Z,14512,False,prism,https://soundcloud.com/katyperry/sets/prism,True,3446,,public,PRISM,16,https://api.soundcloud.com/playlists/12397039,8117274,album,True,,2013-11-18T00:00:00Z,2013-10-16T18:37:15Z,https://i1.sndcdn.com/avatars-BlRpXwywmz6LKHit-U5yXAg-large.jpg,Katy,297769,Katy Perry,8117274,user,2021-10-19T00:00:01Z,Perry,katyperry,https://soundcloud.com/katyperry,https://api.soundcloud.com/users/8117274,soundcloud:users:8117274,KatyPerry,True,REALITY,US,False,False,True,soundcloud:system-playlists:artist-stations:8117274,artist-stations:8117274
2016-02-25T19:27:58Z,like,19003389,https://i1.sndcdn.com/artworks-000041730528-d03om6-large.jpg,2013-02-27T14:44:21Z,1173579,3884490,playlist,2013-02-27T14:49:12Z,4,False,tea-with-the-queen,https://soundcloud.com/the-dirty-highwaymen/sets/tea-with-the-queen,True,1,,public,Tea With The Queen,5,https://api.soundcloud.com/playlists/3884490,17371667,album,True,,,2013-02-27T14:44:21Z,https://i1.sndcdn.com/avatars-000035102525-zpupvu-large.jpg,Dirty,54,Dirty Highwaymen,17371667,user,2014-03-14T04:02:34Z,Highwaymen,the-dirty-highwaymen,https://soundcloud.com/the-dirty-highwaymen,https://api.soundcloud.com/users/17371667,soundcloud:users:17371667,The Dirty Highwaymen,False,Howdon,GB,False,False,False,soundcloud:system-playlists:artist-stations:17371667,artist-stations:17371667
2015-09-16T23:27:19Z,like,19003389,https://i1.sndcdn.com/artworks-000090523590-tykdfk-large.jpg,2014-09-09T16:56:15Z,2936112,50200154,playlist,2020-04-02T14:01:08Z,42760,False,in-return,https://soundcloud.com/odesza/sets/in-return,True,12190,,public,In Return,13,https://api.soundcloud.com/playlists/50200154,18604897,album,True,,2014-09-08T00:00:00Z,2014-09-09T16:56:15Z,https://i1.sndcdn.com/avatars-H2yETc1qyxi9VCtu-AFivEg-large.jpg,,752903,,18604897,user,2022-02-08T17:11:14Z,,odesza,https://soundcloud.com/odesza,https://api.soundcloud.com/users/18604897,soundcloud:users:18604897,ODESZA,True,Seattle,,False,False,True,soundcloud:system-playlists:artist-stations:18604897,artist-stations:18604897
2015-09-14T21:48:51Z,like,19003389,,2014-07-24T20:00:17Z,485972,44583236,playlist,2014-07-24T20:02:15Z,48,False,synchs,https://soundcloud.com/currentswell/sets/synchs,True,11,,public,Synchs,2,https://api.soundcloud.com/playlists/44583236,23123059,,False,,,2014-07-24T20:00:17Z,https://i1.sndcdn.com/avatars-000696912793-7tnuft-large.jpg,Current,3948,Current Swell,23123059,user,2019-10-01T00:01:40Z,Swell,currentswell,https://soundcloud.com/currentswell,https://api.soundcloud.com/users/23123059,soundcloud:users:23123059,Current Swell,False,Victoria,CA,False,False,False,soundcloud:system-playlists:artist-stations:23123059,artist-stations:23123059
2015-09-14T19:31:40Z,like,19003389,https://i1.sndcdn.com/artworks-000033693850-0lnt84-large.jpg,2012-11-07T00:23:25Z,2537395,2718641,playlist,2012-11-07T17:46:25Z,271,False,long-time-ago,https://soundcloud.com/currentswell/sets/long-time-ago,True,53,,public,Long Time Ago,11,https://api.soundcloud.com/playlists/2718641,23123059,album,True,,,2012-11-07T00:23:25Z,https://i1.sndcdn.com/avatars-000696912793-7tnuft-large.jpg,Current,3948,Current Swell,23123059,user,2019-10-01T00:01:40Z,Swell,currentswell,https://soundcloud.com/currentswell,https://api.soundcloud.com/users/23123059,soundcloud:users:23123059,Current Swell,False,Victoria,CA,False,False,False,soundcloud:system-playlists:artist-stations:23123059,artist-stations:23123059
2015-09-14T17:12:21Z,like,19003389,https://i1.sndcdn.com/artworks-000076631648-lokzkb-large.jpg,2014-04-15T20:09:48Z,2979351,30734474,playlist,2015-10-13T14:50:35Z,107,False,ulysses,https://soundcloud.com/currentswell/sets/ulysses,True,9,,public,Current Swell - Ulysses,12,https://api.soundcloud.com/playlists/30734474,23123059,album,True,,2014-05-06T00:00:00Z,2014-04-15T20:09:48Z,https://i1.sndcdn.com/avatars-000696912793-7tnuft-large.jpg,Current,3948,Current Swell,23123059,user,2019-10-01T00:01:40Z,Swell,currentswell,https://soundcloud.com/currentswell,https://api.soundcloud.com/users/23123059,soundcloud:users:23123059,Current Swell,False,Victoria,CA,False,False,False,soundcloud:system-playlists:artist-stations:23123059,artist-stations:23123059
2015-03-17T23:46:44Z,like,19003389,,2013-06-09T21:49:28Z,403166784,6560774,playlist,2022-01-20T21:05:23Z,127,False,nu-sol-dk,https://soundcloud.com/user47543070/sets/nu-sol-dk,True,13,,public,nu sol dk,68,https://api.soundcloud.com/playlists/6560774,26877840,,False,,,2013-06-09T21:49:28Z,https://i1.sndcdn.com/avatars-000025186701-mqrwhh-large.jpg,,72,,26877840,user,2015-09-15T09:35:12Z,,user47543070,https://soundcloud.com/user47543070,https://api.soundcloud.com/users/26877840,soundcloud:users:26877840,PAO22,False,,,False,False,False,soundcloud:system-playlists:artist-stations:26877840,artist-stations:26877840
2015-03-08T03:08:05Z,like,19003389,https://i1.sndcdn.com/artworks-000075968186-fmbpjm-large.jpg,2014-04-08T18:19:12Z,1577314,29815450,playlist,2014-04-08T20:42:31Z,645,False,secondhand-2-the-remix-ep,https://soundcloud.com/msmrsounds/sets/secondhand-2-the-remix-ep,True,190,,public,Secondhand^2: The Remix EP,3,https://api.soundcloud.com/playlists/29815450,7853935,ep,True,,,2014-04-08T18:19:12Z,https://i1.sndcdn.com/avatars-000139886449-5zps1t-large.jpg,MS,238539,MS MR,7853935,user,2020-11-19T16:09:07Z,MR,msmrsounds,https://soundcloud.com/msmrsounds,https://api.soundcloud.com/users/7853935,soundcloud:users:7853935,MS MR,True,New York,US,False,False,True,soundcloud:system-playlists:artist-stations:7853935,artist-stations:7853935
2014-12-05T05:00:53Z,like,19003389,,2014-12-05T04:57:45Z,2461909,62476213,playlist,2014-12-05T04:57:45Z,1,False,dec2014,https://soundcloud.com/jjhrides/sets/dec2014,True,0,,public,Dec2014,7,https://api.soundcloud.com/playlists/62476213,19003389,,False,,,2014-12-05T04:57:45Z,https://a1.sndcdn.com/images/default_avatar_large.png,,14,,19003389,user,2016-05-19T17:30:50Z,,jjhrides,https://soundcloud.com/jjhrides,https://api.soundcloud.com/users/19003389,soundcloud:users:19003389,jjhrides,False,,,False,False,False,soundcloud:system-playlists:artist-stations:19003389,artist-stations:19003389
2014-10-22T23:49:25Z,like,19003389,https://i1.sndcdn.com/artworks-000056359110-vx430s-large.jpg,2013-08-27T19:01:16Z,2179435,9558677,playlist,2013-08-27T20:39:11Z,147,False,stay-classy-a-collection-of,https://soundcloud.com/littlehurricane/sets/stay-classy-a-collection-of,True,29,,public,Stay Classy (A Collection of Covers),10,https://api.soundcloud.com/playlists/9558677,15352372,,False,,,2013-08-27T19:01:16Z,https://i1.sndcdn.com/avatars-000078402575-wb1jg6-large.jpg,little,1974,little hurricane,15352372,user,2019-04-03T15:48:44Z,hurricane,littlehurricane,https://soundcloud.com/littlehurricane,https://api.soundcloud.com/users/15352372,soundcloud:users:15352372,littlehurricane,False,san diego,US,False,False,False,soundcloud:system-playlists:artist-stations:15352372,artist-stations:15352372
2014-09-16T23:08:24Z,like,19003389,,2014-07-03T11:50:44Z,484803144,42286655,playlist,2014-07-03T12:07:00Z,472,False,fusion-mixes-2014,https://soundcloud.com/seelenmusik/sets/fusion-mixes-2014,True,96,,public,FUSION MIXES 2014,63,https://api.soundcloud.com/playlists/42286655,52752511,,False,,,2014-07-03T11:50:44Z,https://i1.sndcdn.com/avatars-000049411370-jvt2cg-large.jpg,karim & yasmin,14414,karim & yasmin,52752511,user,2018-04-16T13:36:39Z,,seelenmusik,https://soundcloud.com/seelenmusik,https://api.soundcloud.com/users/52752511,soundcloud:users:52752511,Seelenmusik,False,Munich,DE,False,False,False,soundcloud:system-playlists:artist-stations:52752511,artist-stations:52752511
2014-04-19T22:40:51Z,like,19003389,,2013-11-22T13:28:37Z,113081562,15264656,playlist,2015-12-03T10:43:51Z,649,False,ritter-butzke-studio-podcasts,https://soundcloud.com/ritter-butzke/sets/ritter-butzke-studio-podcasts,True,138,,public,Ritter Butzke Studio Podcasts,29,https://api.soundcloud.com/playlists/15264656,52805392,,False,,,2013-11-22T13:28:37Z,https://i1.sndcdn.com/avatars-000315792136-ywt5n9-large.jpg,Ritter,27253,Ritter Butzke,52805392,user,2021-11-04T22:14:04Z,Butzke,ritter-butzke,https://soundcloud.com/ritter-butzke,https://api.soundcloud.com/users/52805392,soundcloud:users:52805392,Ritter Butzke Records,True,Berlin,DE,False,True,True,soundcloud:system-playlists:artist-stations:52805392,artist-stations:52805392
2014-02-08T22:58:47Z,like,19003389,https://i1.sndcdn.com/artworks-000074490446-18pzs6-large.jpg,2014-01-24T03:13:24Z,1982951,21058949,playlist,2014-03-24T20:23:23Z,120,False,broken-hearts-and-stolen-money,https://soundcloud.com/gangstagrass/sets/broken-hearts-and-stolen-money,True,23,,public,Broken Hearts and Stolen Money,9,https://api.soundcloud.com/playlists/21058949,76765490,,False,,,2014-01-24T03:13:24Z,https://i1.sndcdn.com/avatars-9yhy71AD8dTzGDGL-K0dkEw-large.jpg,,1492,,76765490,user,2021-05-31T19:26:53Z,,gangstagrass,https://soundcloud.com/gangstagrass,https://api.soundcloud.com/users/76765490,soundcloud:users:76765490,Gangstagrass,False,,,False,False,False,soundcloud:system-playlists:artist-stations:76765490,artist-stations:76765490
2014-01-31T00:59:03Z,like,19003389,https://i1.sndcdn.com/artworks-000018390574-f4td8d-large.jpg,2012-02-14T15:00:44Z,19114926,1623387,playlist,2016-03-22T00:31:51Z,42,False,colorcollection,https://soundcloud.com/djsiavash/sets/colorcollection,True,8,,public,Siavash - Color Collection (2008 to Present),4,https://api.soundcloud.com/playlists/1623387,320846,,False,,,2012-02-14T15:00:44Z,https://i1.sndcdn.com/avatars-YvN1XbcscBiZjzih-Ozylmg-large.jpg,,5159,,320846,user,2021-04-12T05:53:58Z,,djsiavash,https://soundcloud.com/djsiavash,https://api.soundcloud.com/users/320846,soundcloud:users:320846,Siavash,False,Vancouver,CA,False,True,False,soundcloud:system-playlists:artist-stations:320846,artist-stations:320846
2014-01-04T18:12:51Z,like,19003389,,2014-01-04T18:02:40Z,2390268,19064098,playlist,2014-01-04T18:02:40Z,1,False,2014-1,https://soundcloud.com/jjhrides/sets/2014-1,True,0,,public,2014,4,https://api.soundcloud.com/playlists/19064098,19003389,,False,,,2014-01-04T18:02:40Z,https://a1.sndcdn.com/images/default_avatar_large.png,,14,,19003389,user,2016-05-19T17:30:50Z,,jjhrides,https://soundcloud.com/jjhrides,https://api.soundcloud.com/users/19003389,soundcloud:users:19003389,jjhrides,False,,,False,False,False,soundcloud:system-playlists:artist-stations:19003389,artist-stations:19003389
2014-01-03T18:06:56Z,like,19003389,https://i1.sndcdn.com/artworks-000076084948-j75w85-large.jpg,2011-01-13T23:04:09Z,2469505,520112,playlist,2014-04-09T21:09:16Z,674,False,get-closer,https://soundcloud.com/keith_urban/sets/get-closer,True,187,,public,Get Closer,5,https://api.soundcloud.com/playlists/520112,2635637,album,True,,,2011-01-13T23:04:09Z,https://i1.sndcdn.com/avatars-OrTPSDGAatwR3fi0-ZjTqnQ-large.jpg,Keith,34016,Keith Urban,2635637,user,2021-09-19T22:29:12Z,Urban,keith_urban,https://soundcloud.com/keith_urban,https://api.soundcloud.com/users/2635637,soundcloud:users:2635637,Keith Urban,True,Nashville,US,False,True,True,soundcloud:system-playlists:artist-stations:2635637,artist-stations:2635637
2013-12-04T15:55:12Z,like,19003389,,2013-12-04T15:46:31Z,5200330,16285268,playlist,2013-12-04T15:46:32Z,1,False,winter2013,https://soundcloud.com/jjhrides/sets/winter2013,True,0,,public,Winter2013,15,https://api.soundcloud.com/playlists/16285268,19003389,,False,,,2013-12-04T15:46:31Z,https://a1.sndcdn.com/images/default_avatar_large.png,,14,,19003389,user,2016-05-19T17:30:50Z,,jjhrides,https://soundcloud.com/jjhrides,https://api.soundcloud.com/users/19003389,soundcloud:users:19003389,jjhrides,False,,,False,False,False,soundcloud:system-playlists:artist-stations:19003389,artist-stations:19003389
2013-11-07T13:46:10Z,like,19003389,,2013-11-07T06:45:10Z,10560607,14002975,playlist,2013-11-07T06:45:10Z,2,False,fall2013,https://soundcloud.com/jjhrides/sets/fall2013,True,0,,public,Fall2013,26,https://api.soundcloud.com/playlists/14002975,19003389,,False,,,2013-11-07T06:45:10Z,https://a1.sndcdn.com/images/default_avatar_large.png,,14,,19003389,user,2016-05-19T17:30:50Z,,jjhrides,https://soundcloud.com/jjhrides,https://api.soundcloud.com/users/19003389,soundcloud:users:19003389,jjhrides,False,,,False,False,False,soundcloud:system-playlists:artist-stations:19003389,artist-stations:19003389
2013-09-14T17:21:20Z,like,19003389,,2013-05-21T13:49:52Z,60166383,5903091,playlist,2013-09-23T22:21:13Z,744,False,mixmag-dj-lab,https://soundcloud.com/mixmag-1/sets/mixmag-dj-lab,True,101,,public,The Lab: Live sets streamed every Friday on MixmagTV,15,https://api.soundcloud.com/playlists/5903091,3941306,,False,,,2013-05-21T13:49:52Z,https://i1.sndcdn.com/avatars-1fmbe4IZMdGvXAAb-Pa4Mug-large.jpg,,1466612,,3941306,user,2022-02-07T15:29:20Z,,mixmag-1,https://soundcloud.com/mixmag-1,https://api.soundcloud.com/users/3941306,soundcloud:users:3941306,Mixmag,True,Worldwide,,False,True,True,soundcloud:system-playlists:artist-stations:3941306,artist-stations:3941306
2016-10-07T11:43:03Z,like,31666950,https://i1.sndcdn.com/artworks-GfHyT2rRigdt4thm-6W3LsA-large.jpg,2014-04-13T13:01:47Z,51324075,30423847,playlist,2022-01-09T04:20:26Z,241,False,disco-classics,https://soundcloud.com/dj-chrille/sets/disco-classics,True,24,,public,Disco Funk Soul Classics,141,https://api.soundcloud.com/playlists/30423847,4750476,,False,,,2014-04-13T13:01:47Z,https://i1.sndcdn.com/avatars-eI6XxS2DzfA2jaS6-qPPSIw-large.jpg,IZ SPECTRUM,1675,IZ SPECTRUM MUSIC,4750476,user,2021-02-19T13:54:17Z,MUSIC,dj-chrille,https://soundcloud.com/dj-chrille,https://api.soundcloud.com/users/4750476,soundcloud:users:4750476,CHRILLE,False,,DE,False,True,False,soundcloud:system-playlists:artist-stations:4750476,artist-stations:4750476
2014-01-22T01:37:12Z,like,31666950,https://i1.sndcdn.com/artworks-000061359010-tafmu2-large.jpg,2013-10-29T13:00:45Z,1900548,13332696,playlist,2015-10-13T14:41:06Z,824,False,remixed-with-love,https://soundcloud.com/daveleezr/sets/remixed-with-love,True,116,,public,Remixed With Love by Joey Negro,9,https://api.soundcloud.com/playlists/13332696,31387,album,True,,2013-11-11T00:00:00Z,2013-10-29T13:00:45Z,https://i1.sndcdn.com/avatars-BZIduA7u1pV9eWqy-mtqcEQ-large.jpg,Dave,84089,Dave Lee,31387,user,2021-11-08T14:33:24Z,Lee,daveleezr,https://soundcloud.com/daveleezr,https://api.soundcloud.com/users/31387,soundcloud:users:31387,Dave Lee ZR,True,London,,False,True,True,soundcloud:system-playlists:artist-stations:31387,artist-stations:31387
2016-04-09T17:13:35Z,like,69794901,,2016-03-25T15:04:15Z,1703987,209268276,playlist,2016-03-25T15:04:15Z,122554,False,slime-season-3,https://soundcloud.com/youngthugworld/sets/slime-season-3,True,21822,,public,Slime Season 3,8,https://api.soundcloud.com/playlists/209268276,11877500,,False,,,2016-03-25T15:04:15Z,https://i1.sndcdn.com/avatars-02hIRZKrmmSFhs6g-gzJKww-large.jpg,King,1130800,King Slime,11877500,user,2021-10-15T07:02:03Z,Slime,youngthugworld,https://soundcloud.com/youngthugworld,https://api.soundcloud.com/users/11877500,soundcloud:users:11877500,Young Thug,True,Atlanta,,False,True,True,soundcloud:system-playlists:artist-stations:11877500,artist-stations:11877500
2014-06-10T11:09:13Z,like,69794901,,2014-06-10T10:52:37Z,3425467,39010185,playlist,2014-06-10T10:52:37Z,1,False,electro,https://soundcloud.com/swavywill/sets/electro,True,0,,public,Electro,8,https://api.soundcloud.com/playlists/39010185,69794901,,False,,,2014-06-10T10:52:37Z,https://i1.sndcdn.com/avatars-000088767285-uyi7wg-large.jpg,,3,,69794901,user,2014-06-10T10:40:22Z,,swavywill,https://soundcloud.com/swavywill,https://api.soundcloud.com/users/69794901,soundcloud:users:69794901,swavywill,False,,,False,False,False,soundcloud:system-playlists:artist-stations:69794901,artist-stations:69794901
2019-01-03T21:22:48Z,like,67898964,,2016-02-04T13:34:24Z,272405,192796639,playlist,2016-02-04T13:34:24Z,688,False,jhene-aiko-bs-and-hs,https://soundcloud.com/user685316028/sets/jhene-aiko-bs-and-hs,True,56,,public,Jhene Aiko b's and h's,1,https://api.soundcloud.com/playlists/192796639,115676534,,False,,,2016-02-04T13:34:24Z,https://i1.sndcdn.com/avatars-000106439729-q9al95-large.jpg,,33,,115676534,user,2019-04-24T10:07:12Z,,user685316028,https://soundcloud.com/user685316028,https://api.soundcloud.com/users/115676534,soundcloud:users:115676534,user685316028,False,,,False,False,False,soundcloud:system-playlists:artist-stations:115676534,artist-stations:115676534
